{"resourceType":"CodeSystem","id":"us-core-documentreference-category","text":{"status":"generated","div":"<div xmlns=\"http://www.w3.org/1999/xhtml\"><h2>US Core DocumentReferences Category Codes</h2><div><p>The US Core DocumentReferences Type Code System is a 'starter set' of categories supported for fetching and storing DocumentReference Resources.</p>\n</div><p>This code system http://hl7.org/fhir/us/core/CodeSystem/us-core-documentreference-category defines the following codes:</p><table class=\"codes\"><tr><td style=\"white-space:nowrap\"><b>Code</b></td><td><b>Display</b></td><td><b>Definition</b></td></tr><tr><td style=\"white-space:nowrap\">clinical-note<a name=\"us-core-documentreference-category-clinical-note\"> </a></td><td>Clinical Note</td><td>Part of health record where healthcare professionals record details to document a patient's clinical status or achievements during the course of a hospitalization or over the course of outpatient care ([Wikipedia](https://en.wikipedia.org/wiki/Progress_note))</td></tr></table></div>"},"url":"http://hl7.org/fhir/us/core/CodeSystem/us-core-documentreference-category","version":"0.0.0","name":"USCoreDocumentReferencesCategoryCodes","title":"US Core DocumentReferences Category Codes","status":"active","date":"2019-05-21T00:00:00-07:00","description":"The US Core DocumentReferences Type Code System is a 'starter set' of categories supported for fetching and storing DocumentReference Resources.","jurisdiction":[{"coding":[{"system":"urn:iso:std:iso:3166","code":"US","display":"United States of America"}]}],"caseSensitive":true,"valueSet":"http://hl7.org/fhir/us/core/ValueSet/us-core-documentreference-category","content":"complete","count":2,"concept":[{"code":"clinical-note","display":"Clinical Note","definition":"Part of health record where healthcare professionals record details to document a patient's clinical status or achievements during the course of a hospitalization or over the course of outpatient care ([Wikipedia](https://en.wikipedia.org/wiki/Progress_note))"}]}