{"resourceType":"CodeSystem","id":"condition-category","text":{"status":"extensions","div":"<div xmlns=\"http://www.w3.org/1999/xhtml\"><h2>US Core Condition Category Extension Codes</h2><div><p>Set of codes that are needed for implementation of the US-Core profiles. These codes are used as extensions to the FHIR and US Core value sets.</p>\n</div><p><b>Properties</b></p><table class=\"grid\"><tr><td><b>Code</b></td><td><b>URL</b></td><td><b>Description</b></td><td><b>Type</b></td></tr><tr><td>status</td><td>http://hl7.org/fhir/concept-properties#status</td><td>A property that indicates the status of the concept. One of active, experimental, deprecated,        retired</td><td>code</td></tr></table><p>This code system http://hl7.org/fhir/us/core/CodeSystem/condition-category defines the following codes:</p><table class=\"codes\"><tr><td style=\"white-space:nowrap\"><b>Code</b></td><td><b>Display</b></td><td><b>Definition</b></td><td><b>Deprecated</b></td></tr><tr><td style=\"white-space:nowrap\">problem<a name=\"condition-category-problem\"> </a></td><td>Problem</td><td>The patients problems as identified by the provider(s). Items on the provider’s problem list</td><td>Deprecated</td></tr><tr><td style=\"white-space:nowrap\">health-concern<a name=\"condition-category-health-concern\"> </a></td><td>Health Concern</td><td>Additional health concerns from other stakeholders which are outside the provider’s problem list.</td><td/></tr></table></div>"},"url":"http://hl7.org/fhir/us/core/CodeSystem/condition-category","version":"0.0.0","name":"USCoreConditionCategoryExtensionCodes","title":"US Core Condition Category Extension Codes","status":"active","date":"2019-09-11T21:39:24-07:00","publisher":"HL7 US Realm Steering Committee","description":"Set of codes that are needed for implementation of the US-Core profiles. These codes are used as extensions to the FHIR and US Core value sets.\n","jurisdiction":[{"coding":[{"system":"urn:iso:std:iso:3166","code":"US","display":"United States of America"}]}],"caseSensitive":true,"content":"complete","property":[{"code":"status","uri":"http://hl7.org/fhir/concept-properties#status","description":"A property that indicates the status of the concept. One of active, experimental, deprecated,        retired","type":"code"}],"concept":[{"extension":[{"url":"http://hl7.org/fhir/StructureDefinition/codesystem-replacedby","valueCoding":{"system":"http://terminology.hl7.org/CodeSystem/condition-category","code":"problem-list-item","display":"Problem List Item"}}],"code":"problem","display":"Problem","definition":"The patients problems as identified by the provider(s). Items on the provider’s problem list","property":[{"code":"status","valueCode":"deprecated"}]},{"code":"health-concern","display":"Health Concern","definition":"Additional health concerns from other stakeholders which are outside the provider’s problem list."}]}