{"resourceType":"ValueSet","id":"us-core-encounter-type","text":{"status":"generated","div":"<div xmlns=\"http://www.w3.org/1999/xhtml\">\n\t\t\t<h2>US Core Encounter Type</h2>\n\t\t\t<p>The type of encounter: a specific code indicating type of service provided, from CPT</p>\n\t\t\t<p>\n\t\t\t\t<b>Copyright Statement:</b> CPT copyright 2014 American Medical Association. All rights reserved.\n\t\t\t</p>\n\t\t\t<p>This value set includes only the codes of the Current Procedure and Terminology designated for Evaluation and Management (99200 – 99607) (subscription to AMA Required) from code systems:</p>\n\t\t\t<ul>\n\t\t\t\t<li>http://www.ama-assn.org/go/cpt</li>\n\t\t\t</ul>\n\t\t</div>"},"url":"http://hl7.org/fhir/us/core/ValueSet/us-core-encounter-type","identifier":[{"system":"urn:ietf:rfc:3986","value":"urn:oid:2.16.840.1.113883.3.88.12.80.32"}],"version":"0.0.0","name":"USCoreEncounterType","title":"US Core Encounter Type","status":"active","date":"2019-05-21T00:00:00-07:00","publisher":"HL7 US Realm Steering Committee","contact":[{"telecom":[{"system":"other","value":"http://hl7.org/fhir"}]}],"description":"The type of encounter: a specific code indicating type of service provided, from CPT","jurisdiction":[{"coding":[{"system":"urn:iso:std:iso:3166","code":"US","display":"United States of America"}]}],"copyright":"CPT copyright 2014 American Medical Association. All rights reserved.","compose":{"include":[{"system":"http://www.ama-assn.org/go/cpt"}]}}