{"resourceType":"ValueSet","id":"us-core-diagnosticreport-lab-codes","text":{"status":"generated","div":"<div xmlns=\"http://www.w3.org/1999/xhtml\"><h2>US Core Diagnostic Report Laboratory Codes</h2><div><p>The Document Type value set includes all LOINC  values whose CLASSTYPE is LABORATORY in the LOINC database</p>\n</div><p><b>Copyright Statement:</b> This content from LOINC® is copyright © 1995 Regenstrief Institute, Inc. and the LOINC Committee, and available at no cost under the license at http://loinc.org/terms-of-use.</p><p>This value set includes codes from the following code systems:</p><ul><li>Include codes from <a href=\"http://loinc.org\"><code>http://loinc.org</code></a> where CLASSTYPE  =  1</li></ul></div>"},"url":"http://hl7.org/fhir/us/core/ValueSet/us-core-diagnosticreport-lab-codes","version":"0.0.0","name":"USCoreDiagnosticReportLabCodes","title":"US Core Diagnostic Report Laboratory Codes","status":"active","date":"2019-05-21T00:00:00-07:00","publisher":"HL7 US Realm Steering Committee","contact":[{"telecom":[{"system":"other","value":"http://hl7.org/fhir"}]}],"description":"The Document Type value set includes all LOINC  values whose CLASSTYPE is LABORATORY in the LOINC database","jurisdiction":[{"coding":[{"system":"urn:iso:std:iso:3166","code":"US","display":"United States of America"}]}],"copyright":"This content from LOINC® is copyright © 1995 Regenstrief Institute, Inc. and the LOINC Committee, and available at no cost under the license at http://loinc.org/terms-of-use.","compose":{"include":[{"system":"http://loinc.org","filter":[{"property":"CLASSTYPE","op":"=","value":"1"}]}]}}