{"resourceType":"ValueSet","id":"us-core-ndc-vaccine-codes","text":{"status":"generated","div":"<div xmlns=\"http://www.w3.org/1999/xhtml\"><h2>US Core Vaccine National Drug Codes (NDC)</h2><div><p>This value set includes all the Vaccine National Drug Codes (NDC).  This source of this data is provided by the <a href=\"https://www2a.cdc.gov/vaccines/iis/iisstandards/ndc_crosswalk.asp\">CDC</a></p>\n</div><p>This value set includes codes from the following code systems:</p><ul><li>Include these codes as defined in <code>http://hl7.org/fhir/sid/ndc</code><table class=\"none\"><tr><td style=\"white-space:nowrap\"><b>Code</b></td><td><b>Display</b></td></tr><tr><td>00005-0100-02</td><td>Trumenba</td><td/></tr><tr><td>00005-0100-05</td><td>Trumenba</td><td/></tr><tr><td>00005-0100-10</td><td>Trumenba</td><td/></tr><tr><td>00005-1970-50</td><td>Prevnar</td><td/></tr><tr><td>00005-1971-02</td><td>PREVNAR 13</td><td/></tr><tr><td>00005-1971-04</td><td>PREVNAR 13</td><td/></tr><tr><td>00005-1971-05</td><td>PREVNAR 13</td><td/></tr><tr><td>00006-4045-00</td><td>GARDASIL</td><td/></tr><tr><td>00006-4045-41</td><td>GARDASIL</td><td/></tr><tr><td>00006-4047-20</td><td>RotaTeq</td><td/></tr><tr><td>00006-4047-41</td><td>RotaTeq</td><td/></tr><tr><td>00006-4093-02</td><td>RECOMBIVAX HB</td><td/></tr><tr><td>00006-4093-09</td><td>RECOMBIVAX HB</td><td/></tr><tr><td>00006-4094-02</td><td>RECOMBIVAX HB</td><td/></tr><tr><td>00006-4094-09</td><td>RECOMBIVAX HB</td><td/></tr><tr><td>00006-4095-02</td><td>VAQTA</td><td/></tr><tr><td>00006-4095-09</td><td>VAQTA</td><td/></tr><tr><td>00006-4096-02</td><td>VAQTA</td><td/></tr><tr><td>00006-4096-09</td><td>VAQTA</td><td/></tr><tr><td>00006-4109-02</td><td>GARDASIL</td><td/></tr><tr><td>00006-4109-09</td><td>GARDASIL</td><td/></tr><tr><td>00006-4119-02</td><td>GARDASIL 9</td><td/></tr><tr><td>00006-4119-03</td><td>GARDASIL 9</td><td/></tr><tr><td>00006-4121-02</td><td>GARDASIL 9</td><td/></tr><tr><td>00006-4133-41</td><td>Tetanus and Diphtheria Toxoids Adsorbed</td><td/></tr><tr><td>00006-4171-00</td><td>ProQuad</td><td/></tr><tr><td>00006-4681-00</td><td>M-M-R II</td><td/></tr><tr><td>00006-4739-00</td><td>PNEUMOVAX 23</td><td/></tr><tr><td>00006-4826-00</td><td>VARIVAX</td><td/></tr><tr><td>00006-4827-00</td><td>VARIVAX</td><td/></tr><tr><td>00006-4831-41</td><td>VAQTA</td><td/></tr><tr><td>00006-4837-02</td><td>PNEUMOVAX 23</td><td/></tr><tr><td>00006-4837-03</td><td>PNEUMOVAX 23</td><td/></tr><tr><td>00006-4841-00</td><td>VAQTA</td><td/></tr><tr><td>00006-4841-41</td><td>VAQTA</td><td/></tr><tr><td>00006-4897-00</td><td>PedvaxHIB</td><td/></tr><tr><td>00006-4898-00</td><td>COMVAX</td><td/></tr><tr><td>00006-4943-00</td><td>PNEUMOVAX 23</td><td/></tr><tr><td>00006-4963-00</td><td>ZOSTAVAX</td><td/></tr><tr><td>00006-4963-41</td><td>ZOSTAVAX</td><td/></tr><tr><td>00006-4980-00</td><td>RECOMBIVAX HB</td><td/></tr><tr><td>00006-4981-00</td><td>RECOMBIVAX HB</td><td/></tr><tr><td>00006-4992-00</td><td>RECOMBIVAX HB</td><td/></tr><tr><td>00006-4995-00</td><td>RECOMBIVAX HB</td><td/></tr><tr><td>00006-4995-41</td><td>RECOMBIVAX HB</td><td/></tr><tr><td>00006-4999-00</td><td>ProQuad</td><td/></tr><tr><td>00052-0603-02</td><td>BCG VACCINE</td><td/></tr><tr><td>13533-0131-01</td><td>Tetanus and Diphtheria Toxoids Adsorbed</td><td/></tr><tr><td>14362-0111-04</td><td>Tetanus and Diphtheria Toxoids Adsorbed</td><td/></tr><tr><td>17478-0131-01</td><td>Tetanus and Diphtheria Toxoids Adsorbed</td><td/></tr><tr><td>19515-0845-11</td><td>FLULAVAL</td><td/></tr><tr><td>19515-0850-52</td><td>FLULAVAL</td><td/></tr><tr><td>19515-0889-07</td><td>FLULAVAL</td><td/></tr><tr><td>19515-0890-07</td><td>FLULAVAL</td><td/></tr><tr><td>19515-0891-11</td><td>Flulaval Quadrivalent</td><td/></tr><tr><td>19515-0893-07</td><td>FLULAVAL</td><td/></tr><tr><td>19515-0894-52</td><td>Flulaval Quadrivalent</td><td/></tr><tr><td>19515-0895-11</td><td>Flulaval Quadrivalent</td><td/></tr><tr><td>19515-0896-11</td><td>Flulaval Quadrivalent</td><td/></tr><tr><td>19515-0898-11</td><td>Flulaval Quadrivalent</td><td/></tr><tr><td>19515-0900-11</td><td>Flulaval Quadrivalent</td><td/></tr><tr><td>19515-0901-52</td><td>Flulaval Quadrivalent</td><td/></tr><tr><td>19515-0903-11</td><td>Flulaval Quadrivalent</td><td/></tr><tr><td>19515-0908-52</td><td>Flulaval Quadrivalent</td><td/></tr><tr><td>19515-0909-52</td><td>Flulaval Quadrivalent</td><td/></tr><tr><td>19515-0912-52</td><td>Flulaval Quadrivalent</td><td/></tr><tr><td>21695-0413-01</td><td>Tetanus and Diphtheria Toxoids Adsorbed</td><td/></tr><tr><td>33332-0010-01</td><td>AFLURIA</td><td/></tr><tr><td>33332-0013-01</td><td>AFLURIA</td><td/></tr><tr><td>33332-0014-01</td><td>AFLURIA</td><td/></tr><tr><td>33332-0015-01</td><td>AFLURIA</td><td/></tr><tr><td>33332-0016-01</td><td>AFLURIA</td><td/></tr><tr><td>33332-0017-01</td><td>AFLURIA</td><td/></tr><tr><td>33332-0018-01</td><td>AFLURIA</td><td/></tr><tr><td>33332-0110-10</td><td>AFLURIA</td><td/></tr><tr><td>33332-0113-10</td><td>AFLURIA</td><td/></tr><tr><td>33332-0114-10</td><td>AFLURIA</td><td/></tr><tr><td>33332-0115-10</td><td>AFLURIA</td><td/></tr><tr><td>33332-0116-10</td><td>AFLURIA</td><td/></tr><tr><td>33332-0117-10</td><td>AFLURIA</td><td/></tr><tr><td>33332-0118-10</td><td>AFLURIA</td><td/></tr><tr><td>33332-0316-01</td><td>AFLURIA QUADRIVALENT</td><td/></tr><tr><td>33332-0317-01</td><td>AFLURIA QUADRIVALENT</td><td/></tr><tr><td>33332-0318-01</td><td>AFLURIA QUADRIVALENT</td><td/></tr><tr><td>33332-0416-10</td><td>AFLURIA QUADRIVALENT</td><td/></tr><tr><td>33332-0417-10</td><td>AFLURIA QUADRIVALENT</td><td/></tr><tr><td>33332-0418-10</td><td>AFLURIA QUADRIVALENT</td><td/></tr><tr><td>33332-0519-01</td><td>Influenza A</td><td/></tr><tr><td>33332-0519-25</td><td>Influenza A</td><td/></tr><tr><td>33332-0629-10</td><td>Influenza A</td><td/></tr><tr><td>42515-0001-01</td><td>IXIARO</td><td/></tr><tr><td>42515-0001-01</td><td>IXIARO</td><td/></tr><tr><td>42515-0001-01</td><td>IXIARO</td><td/></tr><tr><td>42515-0001-01</td><td>IXIARO</td><td/></tr><tr><td>42515-0002-01</td><td>IXIARO</td><td/></tr><tr><td>42874-0012-10</td><td>Flublok</td><td/></tr><tr><td>42874-0013-10</td><td>Flublok</td><td/></tr><tr><td>42874-0014-10</td><td>Flublok</td><td/></tr><tr><td>42874-0015-10</td><td>Flublok</td><td/></tr><tr><td>42874-0016-10</td><td>Flublok</td><td/></tr><tr><td>42874-0017-10</td><td>Flublok</td><td/></tr><tr><td>42874-0117-10</td><td>Flublok Quadrivalent</td><td/></tr><tr><td>43528-0002-05</td><td>HEPLISAV-B</td><td/></tr><tr><td>43528-0003-05</td><td>HEPLISAV-B</td><td/></tr><tr><td>46028-0114-01</td><td>Bexsero</td><td/></tr><tr><td>46028-0114-02</td><td>Bexsero</td><td/></tr><tr><td>46028-0208-01</td><td>Menveo</td><td/></tr><tr><td>46028-0208-01</td><td>Menveo</td><td/></tr><tr><td>49281-0010-10</td><td>FLUZONE</td><td/></tr><tr><td>49281-0010-25</td><td>FLUZONE</td><td/></tr><tr><td>49281-0010-50</td><td>FLUZONE</td><td/></tr><tr><td>49281-0011-10</td><td>FLUZONE</td><td/></tr><tr><td>49281-0011-50</td><td>FLUZONE</td><td/></tr><tr><td>49281-0012-10</td><td>FLUZONE</td><td/></tr><tr><td>49281-0012-50</td><td>FLUZONE</td><td/></tr><tr><td>49281-0013-10</td><td>FLUZONE</td><td/></tr><tr><td>49281-0013-50</td><td>FLUZONE</td><td/></tr><tr><td>49281-0014-50</td><td>FLUZONE</td><td/></tr><tr><td>49281-0111-25</td><td>FLUZONE</td><td/></tr><tr><td>49281-0112-25</td><td>FLUZONE</td><td/></tr><tr><td>49281-0113-25</td><td>FLUZONE</td><td/></tr><tr><td>49281-0215-10</td><td>TENIVAC</td><td/></tr><tr><td>49281-0215-15</td><td>TENIVAC</td><td/></tr><tr><td>49281-0225-10</td><td>DIPHTHERIA AND TETANUS TOXOIDS ADSORBED</td><td/></tr><tr><td>49281-0250-51</td><td>IMOVAX RABIES</td><td/></tr><tr><td>49281-0278-10</td><td>DIPHTHERIA AND TETANUS TOXOIDS ADSORBED</td><td/></tr><tr><td>49281-0286-01</td><td>DAPTACEL</td><td/></tr><tr><td>49281-0286-05</td><td>DAPTACEL</td><td/></tr><tr><td>49281-0286-10</td><td>DAPTACEL</td><td/></tr><tr><td>49281-0291-10</td><td>DECAVAC</td><td/></tr><tr><td>49281-0291-83</td><td>DECAVAC</td><td/></tr><tr><td>49281-0298-10</td><td>TRIPEDIA</td><td/></tr><tr><td>49281-0386-15</td><td>FLUZONE</td><td/></tr><tr><td>49281-0387-65</td><td>FLUZONE</td><td/></tr><tr><td>49281-0388-15</td><td>FLUZONE</td><td/></tr><tr><td>49281-0389-65</td><td>FLUZONE HIGH DOSE</td><td/></tr><tr><td>49281-0390-15</td><td>FLUZONE</td><td/></tr><tr><td>49281-0391-65</td><td>FLUZONE High-Dose</td><td/></tr><tr><td>49281-0392-15</td><td>FLUZONE</td><td/></tr><tr><td>49281-0393-65</td><td>FLUZONE High-Dose</td><td/></tr><tr><td>49281-0394-15</td><td>FLUZONE</td><td/></tr><tr><td>49281-0395-65</td><td>FLUZONE High-Dose</td><td/></tr><tr><td>49281-0396-15</td><td>FLUZONE</td><td/></tr><tr><td>49281-0397-65</td><td>FLUZONE High-Dose</td><td/></tr><tr><td>49281-0399-65</td><td>FLUZONE High-Dose</td><td/></tr><tr><td>49281-0400-05</td><td>Adacel</td><td/></tr><tr><td>49281-0400-10</td><td>Adacel</td><td/></tr><tr><td>49281-0400-15</td><td>Adacel</td><td/></tr><tr><td>49281-0400-20</td><td>Adacel</td><td/></tr><tr><td>49281-0401-65</td><td>FLUZONE High-Dose</td><td/></tr><tr><td>49281-0403-65</td><td>FLUZONE High-Dose</td><td/></tr><tr><td>49281-0413-10</td><td>FLUZONE QUADRIVALENT</td><td/></tr><tr><td>49281-0413-50</td><td>FLUZONE QUADRIVALENT</td><td/></tr><tr><td>49281-0414-10</td><td>FLUZONE QUADRIVALENT</td><td/></tr><tr><td>49281-0414-50</td><td>FLUZONE QUADRIVALENT</td><td/></tr><tr><td>49281-0415-10</td><td>FLUZONE QUADRIVALENT</td><td/></tr><tr><td>49281-0416-10</td><td>FLUZONE QUADRIVALENT</td><td/></tr><tr><td>49281-0416-50</td><td>FLUZONE QUADRIVALENT</td><td/></tr><tr><td>49281-0417-10</td><td>FLUZONE QUADRIVALENT</td><td/></tr><tr><td>49281-0417-50</td><td>FLUZONE QUADRIVALENT</td><td/></tr><tr><td>49281-0418-10</td><td>FLUZONE QUADRIVALENT</td><td/></tr><tr><td>49281-0418-50</td><td>FLUZONE QUADRIVALENT</td><td/></tr><tr><td>49281-0489-01</td><td>MENOMUNE - A/C/Y/W-135 COMBINED</td><td/></tr><tr><td>49281-0489-91</td><td>MENOMUNE - A/C/Y/W-135 COMBINED</td><td/></tr><tr><td>49281-0510-05</td><td>PENTACEL</td><td/></tr><tr><td>49281-0510-05</td><td>PENTACEL</td><td/></tr><tr><td>49281-0513-25</td><td>FLUZONE QUADRIVALENT</td><td/></tr><tr><td>49281-0514-25</td><td>FLUZONE QUADRIVALENT</td><td/></tr><tr><td>49281-0516-25</td><td>FLUZONE QUADRIVALENT</td><td/></tr><tr><td>49281-0517-25</td><td>FLUZONE QUADRIVALENT</td><td/></tr><tr><td>49281-0518-25</td><td>FLUZONE QUADRIVALENT</td><td/></tr><tr><td>49281-0545-03</td><td>ActHIB</td><td/></tr><tr><td>49281-0545-05</td><td>ActHIB</td><td/></tr><tr><td>49281-0562-10</td><td>QUADRACEL</td><td/></tr><tr><td>49281-0589-05</td><td>Menactra</td><td/></tr><tr><td>49281-0621-15</td><td>FLUZONE QUADRIVALENT</td><td/></tr><tr><td>49281-0625-15</td><td>FLUZONE QUADRIVALENT</td><td/></tr><tr><td>49281-0627-15</td><td>FLUZONE QUADRIVALENT</td><td/></tr><tr><td>49281-0629-15</td><td>FLUZONE QUADRIVALENT</td><td/></tr><tr><td>49281-0640-15</td><td>INFLUENZA A (H1N1) 2009 MONOVALENT VACCINE</td><td/></tr><tr><td>49281-0650-10</td><td>INFLUENZA A (H1N1) 2009 MONOVALENT VACCINE</td><td/></tr><tr><td>49281-0650-25</td><td>INFLUENZA A (H1N1) 2009 MONOVALENT VACCINE</td><td/></tr><tr><td>49281-0650-50</td><td>INFLUENZA A (H1N1) 2009 MONOVALENT VACCINE</td><td/></tr><tr><td>49281-0650-70</td><td>INFLUENZA A (H1N1) 2009 MONOVALENT VACCINE</td><td/></tr><tr><td>49281-0650-90</td><td>INFLUENZA A (H1N1) 2009 MONOVALENT VACCINE</td><td/></tr><tr><td>49281-0703-55</td><td>FLUZONE INTRADERMAL</td><td/></tr><tr><td>49281-0705-55</td><td>FLUZONE</td><td/></tr><tr><td>49281-0707-55</td><td>FLUZONE</td><td/></tr><tr><td>49281-0708-40</td><td>FLUZONE INTRADERMAL QUADRIVALENT</td><td/></tr><tr><td>49281-0709-55</td><td>FLUZONE Intradermal</td><td/></tr><tr><td>49281-0710-40</td><td>FLUZONE INTRADERMAL QUADRIVALENT</td><td/></tr><tr><td>49281-0712-40</td><td>FLUZONE INTRADERMAL QUADRIVALENT</td><td/></tr><tr><td>49281-0718-10</td><td>Flublok Quadrivalent</td><td/></tr><tr><td>49281-0790-20</td><td>Typhim Vi</td><td/></tr><tr><td>49281-0790-51</td><td>Typhim Vi</td><td/></tr><tr><td>49281-0800-83</td><td>TETANUS TOXOID ADSORBED</td><td/></tr><tr><td>49281-0820-10</td><td>TETANUS TOXOID ADSORBED</td><td/></tr><tr><td>49281-0860-10</td><td>IPOL</td><td/></tr><tr><td>49281-0860-10</td><td>IPOL</td><td/></tr><tr><td>49281-0860-55</td><td>IPOL</td><td/></tr><tr><td>49281-0913-01</td><td>STAMARIL</td><td/></tr><tr><td>49281-0915-01</td><td>YF-VAX</td><td/></tr><tr><td>49281-0915-05</td><td>YF-VAX</td><td/></tr><tr><td>50090-1693-09</td><td>IPOL</td><td/></tr><tr><td>50090-2883-00</td><td>INFANRIX</td><td/></tr><tr><td>50090-3096-00</td><td>RabAvert</td><td/></tr><tr><td>50090-3469-00</td><td>HEPLISAV-B</td><td/></tr><tr><td>51285-0138-50</td><td>Adenovirus Type 4 and Type 7 Vaccine, Live</td><td/></tr><tr><td>51285-0138-50</td><td>Adenovirus Type 4 and Type 7 Vaccine, Live</td><td/></tr><tr><td>54868-0734-00</td><td>ENGERIX-B</td><td/></tr><tr><td>54868-0980-00</td><td>M-M-R II</td><td/></tr><tr><td>54868-2219-00</td><td>RECOMBIVAX HB</td><td/></tr><tr><td>54868-2219-01</td><td>RECOMBIVAX HB</td><td/></tr><tr><td>54868-3339-01</td><td>PNEUMOVAX 23</td><td/></tr><tr><td>54868-4320-00</td><td>PNEUMOVAX 23</td><td/></tr><tr><td>54868-6177-00</td><td>FLUZONE</td><td/></tr><tr><td>54868-6180-00</td><td>FLUZONE</td><td/></tr><tr><td>55045-3841-01</td><td>HAVRIX</td><td/></tr><tr><td>58160-0801-11</td><td>Menhibrix</td><td/></tr><tr><td>58160-0806-05</td><td>HIBERIX</td><td/></tr><tr><td>58160-0808-15</td><td>Influenza A (H5N1) Monovalent Vaccine, Adjuvanted</td><td/></tr><tr><td>58160-0808-15</td><td>Influenza A (H5N1) Monovalent Vaccine, Adjuvanted</td><td/></tr><tr><td>58160-0809-05</td><td>MENHIBRIX</td><td/></tr><tr><td>58160-0810-11</td><td>INFANRIX</td><td/></tr><tr><td>58160-0810-52</td><td>INFANRIX</td><td/></tr><tr><td>58160-0811-51</td><td>PEDIARIX</td><td/></tr><tr><td>58160-0811-52</td><td>PEDIARIX</td><td/></tr><tr><td>58160-0812-11</td><td>KINRIX</td><td/></tr><tr><td>58160-0812-52</td><td>KINRIX</td><td/></tr><tr><td>58160-0815-11</td><td>TWINRIX</td><td/></tr><tr><td>58160-0815-34</td><td>TWINRIX</td><td/></tr><tr><td>58160-0815-46</td><td>TWINRIX</td><td/></tr><tr><td>58160-0815-48</td><td>TWINRIX</td><td/></tr><tr><td>58160-0815-52</td><td>TWINRIX</td><td/></tr><tr><td>58160-0816-05</td><td>Hiberix</td><td/></tr><tr><td>58160-0818-11</td><td>Hiberix</td><td/></tr><tr><td>58160-0819-12</td><td>Shingrix</td><td/></tr><tr><td>58160-0820-11</td><td>ENGERIX-B</td><td/></tr><tr><td>58160-0820-52</td><td>ENGERIX-B</td><td/></tr><tr><td>58160-0821-11</td><td>ENGERIX-B</td><td/></tr><tr><td>58160-0821-34</td><td>ENGERIX-B</td><td/></tr><tr><td>58160-0821-52</td><td>ENGERIX-B</td><td/></tr><tr><td>58160-0823-11</td><td>Shingrix</td><td/></tr><tr><td>58160-0825-11</td><td>HAVRIX</td><td/></tr><tr><td>58160-0825-52</td><td>HAVRIX</td><td/></tr><tr><td>58160-0826-11</td><td>HAVRIX</td><td/></tr><tr><td>58160-0826-34</td><td>HAVRIX</td><td/></tr><tr><td>58160-0826-52</td><td>HAVRIX</td><td/></tr><tr><td>58160-0830-34</td><td>CERVARIX</td><td/></tr><tr><td>58160-0830-52</td><td>CERVARIX</td><td/></tr><tr><td>58160-0842-11</td><td>BOOSTRIX</td><td/></tr><tr><td>58160-0842-34</td><td>BOOSTRIX</td><td/></tr><tr><td>58160-0842-51</td><td>BOOSTRIX</td><td/></tr><tr><td>58160-0842-52</td><td>BOOSTRIX</td><td/></tr><tr><td>58160-0854-52</td><td>ROTARIX</td><td/></tr><tr><td>58160-0879-52</td><td>FLUARIX</td><td/></tr><tr><td>58160-0880-52</td><td>FLUARIX</td><td/></tr><tr><td>58160-0881-52</td><td>FLUARIX</td><td/></tr><tr><td>58160-0883-52</td><td>FLUARIX</td><td/></tr><tr><td>58160-0898-52</td><td>FLUARIX QUADRIVALENT</td><td/></tr><tr><td>58160-0900-52</td><td>FLUARIX QUADRIVALENT</td><td/></tr><tr><td>58160-0901-52</td><td>FLUARIX QUADRIVALENT</td><td/></tr><tr><td>58160-0903-52</td><td>FLUARIX QUADRIVALENT</td><td/></tr><tr><td>58160-0905-52</td><td>FLUARIX QUADRIVALENT</td><td/></tr><tr><td>58160-0907-52</td><td>FLUARIX QUADRIVALENT</td><td/></tr><tr><td>58160-0955-09</td><td>Menveo</td><td/></tr><tr><td>58160-0955-09</td><td>Menveo</td><td/></tr><tr><td>58160-0964-12</td><td>RabAvert</td><td/></tr><tr><td>58160-0964-12</td><td>RabAvert</td><td/></tr><tr><td>58160-0976-06</td><td>Bexsero</td><td/></tr><tr><td>58160-0976-20</td><td>Bexsero</td><td/></tr><tr><td>62195-0051-10</td><td>Ixiaro</td><td/></tr><tr><td>62577-0613-01</td><td>Flucelvax</td><td/></tr><tr><td>62577-0614-01</td><td>Flucelvax</td><td/></tr><tr><td>63851-0501-01</td><td>RabAvert</td><td/></tr><tr><td>63851-0501-02</td><td>RabAvert</td><td/></tr><tr><td>63851-0612-01</td><td>Flucelvax</td><td/></tr><tr><td>63851-0613-01</td><td>FLUCELVAX</td><td/></tr><tr><td>64678-0211-01</td><td>BioThrax</td><td/></tr><tr><td>66019-0107-01</td><td>FLUMIST</td><td/></tr><tr><td>66019-0108-10</td><td>FLUMIST</td><td/></tr><tr><td>66019-0109-10</td><td>FLUMIST</td><td/></tr><tr><td>66019-0110-10</td><td>FluMist</td><td/></tr><tr><td>66019-0200-10</td><td>Influenza A H1N1 Intranasal</td><td/></tr><tr><td>66019-0300-10</td><td>FluMist Quadrivalent</td><td/></tr><tr><td>66019-0301-10</td><td>FluMist Quadrivalent</td><td/></tr><tr><td>66019-0302-10</td><td>FluMist Quadrivalent</td><td/></tr><tr><td>66019-0303-10</td><td>FluMist Quadrivalent</td><td/></tr><tr><td>66019-0304-10</td><td>FluMist Quadrivalent</td><td/></tr><tr><td>66019-0305-10</td><td>FluMist Quadrivalent</td><td/></tr><tr><td>66521-0000-01</td><td>FLUAD</td><td/></tr><tr><td>66521-0112-02</td><td>Fluvirin</td><td/></tr><tr><td>66521-0112-10</td><td>Fluvirin</td><td/></tr><tr><td>66521-0113-02</td><td>FLUVIRIN</td><td/></tr><tr><td>66521-0113-10</td><td>FLUVIRIN</td><td/></tr><tr><td>66521-0114-02</td><td>FLUVIRIN</td><td/></tr><tr><td>66521-0114-10</td><td>FLUVIRIN</td><td/></tr><tr><td>66521-0115-02</td><td>FLUVIRIN</td><td/></tr><tr><td>66521-0115-10</td><td>FLUVIRIN</td><td/></tr><tr><td>66521-0116-02</td><td>Fluvirin</td><td/></tr><tr><td>66521-0116-10</td><td>Fluvirin</td><td/></tr><tr><td>66521-0117-02</td><td>Fluvirin</td><td/></tr><tr><td>66521-0117-10</td><td>Fluvirin</td><td/></tr><tr><td>66521-0118-02</td><td>Fluvirin</td><td/></tr><tr><td>66521-0118-10</td><td>Fluvirin</td><td/></tr><tr><td>66521-0200-02</td><td>Influenza A (H1N1) 2009 Monovalent Vaccine</td><td/></tr><tr><td>66521-0200-10</td><td>Influenza A (H1N1) 2009 Monovalent Vaccine</td><td/></tr><tr><td>69401-0000-01</td><td>Vivotif</td><td/></tr><tr><td>69401-0000-02</td><td>Vivotif</td><td/></tr><tr><td>70460-0001-01</td><td>Vaxchora</td><td/></tr><tr><td>70461-0001-01</td><td>FLUAD</td><td/></tr><tr><td>70461-0002-01</td><td>FLUAD</td><td/></tr><tr><td>70461-0018-03</td><td>FLUAD</td><td/></tr><tr><td>70461-0119-02</td><td>Fluvirin</td><td/></tr><tr><td>70461-0119-10</td><td>Fluvirin</td><td/></tr><tr><td>70461-0120-02</td><td>Fluvirin</td><td/></tr><tr><td>70461-0120-10</td><td>Fluvirin</td><td/></tr><tr><td>70461-0200-01</td><td>FLUCELVAX QUADRIVALENT</td><td/></tr><tr><td>70461-0201-01</td><td>FLUCELVAX QUADRIVALENT (PREFILLED SYRINGE)</td><td/></tr><tr><td>70461-0301-10</td><td>FLUCELVAX QUADRIVALENT (MULTI-DOSE VIAL)</td><td/></tr><tr><td>70461-0318-03</td><td>FLUCELVAX QUADRIVALENT (PREFILLED SYRINGE)</td><td/></tr><tr><td>70461-0418-10</td><td>FLUCELVAX QUADRIVALENT (MULTI-DOSE VIAL)</td><td/></tr><tr><td>76420-0482-01</td><td>Medical Provider Single Use EZ Flu Shot 2013-2014</td><td/></tr><tr><td>76420-0483-01</td><td>Medical Provider Single Use EZ Flu Shot 2013-2014</td><td/></tr><tr><td>63361-0245-10</td><td>VAXELIS</td><td/></tr></table></li></ul></div>"},"url":"http://hl7.org/fhir/us/core/ValueSet/us-core-ndc-vaccine-codes","version":"0.0.0","name":"USCoreVaccineNationalDrugCode","title":"US Core Vaccine National Drug Codes (NDC)","status":"active","date":"2019-05-21T00:00:00-07:00","publisher":"HL7 US Realm Steering Committee","description":"This value set includes all the Vaccine National Drug Codes (NDC).  This source of this data is provided by the [CDC](https://www2a.cdc.gov/vaccines/iis/iisstandards/ndc_crosswalk.asp)","jurisdiction":[{"coding":[{"system":"urn:iso:std:iso:3166","code":"US","display":"United States of America"}]}],"purpose":"Codes that are used as translations for CVS code for implementation of the Argonaut Immunization IG and MU2015 certification.","compose":{"include":[{"system":"http://hl7.org/fhir/sid/ndc","concept":[{"code":"00005-0100-02","display":"Trumenba"},{"code":"00005-0100-05","display":"Trumenba"},{"code":"00005-0100-10","display":"Trumenba"},{"code":"00005-1970-50","display":"Prevnar"},{"code":"00005-1971-02","display":"PREVNAR 13"},{"code":"00005-1971-04","display":"PREVNAR 13"},{"code":"00005-1971-05","display":"PREVNAR 13"},{"code":"00006-4045-00","display":"GARDASIL"},{"code":"00006-4045-41","display":"GARDASIL"},{"code":"00006-4047-20","display":"RotaTeq"},{"code":"00006-4047-41","display":"RotaTeq"},{"code":"00006-4093-02","display":"RECOMBIVAX HB"},{"code":"00006-4093-09","display":"RECOMBIVAX HB"},{"code":"00006-4094-02","display":"RECOMBIVAX HB"},{"code":"00006-4094-09","display":"RECOMBIVAX HB"},{"code":"00006-4095-02","display":"VAQTA"},{"code":"00006-4095-09","display":"VAQTA"},{"code":"00006-4096-02","display":"VAQTA"},{"code":"00006-4096-09","display":"VAQTA"},{"code":"00006-4109-02","display":"GARDASIL"},{"code":"00006-4109-09","display":"GARDASIL"},{"code":"00006-4119-02","display":"GARDASIL 9"},{"code":"00006-4119-03","display":"GARDASIL 9"},{"code":"00006-4121-02","display":"GARDASIL 9"},{"code":"00006-4133-41","display":"Tetanus and Diphtheria Toxoids Adsorbed"},{"code":"00006-4171-00","display":"ProQuad"},{"code":"00006-4681-00","display":"M-M-R II"},{"code":"00006-4739-00","display":"PNEUMOVAX 23"},{"code":"00006-4826-00","display":"VARIVAX"},{"code":"00006-4827-00","display":"VARIVAX"},{"code":"00006-4831-41","display":"VAQTA"},{"code":"00006-4837-02","display":"PNEUMOVAX 23"},{"code":"00006-4837-03","display":"PNEUMOVAX 23"},{"code":"00006-4841-00","display":"VAQTA"},{"code":"00006-4841-41","display":"VAQTA"},{"code":"00006-4897-00","display":"PedvaxHIB"},{"code":"00006-4898-00","display":"COMVAX"},{"code":"00006-4943-00","display":"PNEUMOVAX 23"},{"code":"00006-4963-00","display":"ZOSTAVAX"},{"code":"00006-4963-41","display":"ZOSTAVAX"},{"code":"00006-4980-00","display":"RECOMBIVAX HB"},{"code":"00006-4981-00","display":"RECOMBIVAX HB"},{"code":"00006-4992-00","display":"RECOMBIVAX HB"},{"code":"00006-4995-00","display":"RECOMBIVAX HB"},{"code":"00006-4995-41","display":"RECOMBIVAX HB"},{"code":"00006-4999-00","display":"ProQuad"},{"code":"00052-0603-02","display":"BCG VACCINE"},{"code":"13533-0131-01","display":"Tetanus and Diphtheria Toxoids Adsorbed"},{"code":"14362-0111-04","display":"Tetanus and Diphtheria Toxoids Adsorbed"},{"code":"17478-0131-01","display":"Tetanus and Diphtheria Toxoids Adsorbed"},{"code":"19515-0845-11","display":"FLULAVAL"},{"code":"19515-0850-52","display":"FLULAVAL"},{"code":"19515-0889-07","display":"FLULAVAL"},{"code":"19515-0890-07","display":"FLULAVAL"},{"code":"19515-0891-11","display":"Flulaval Quadrivalent"},{"code":"19515-0893-07","display":"FLULAVAL"},{"code":"19515-0894-52","display":"Flulaval Quadrivalent"},{"code":"19515-0895-11","display":"Flulaval Quadrivalent"},{"code":"19515-0896-11","display":"Flulaval Quadrivalent"},{"code":"19515-0898-11","display":"Flulaval Quadrivalent"},{"code":"19515-0900-11","display":"Flulaval Quadrivalent"},{"code":"19515-0901-52","display":"Flulaval Quadrivalent"},{"code":"19515-0903-11","display":"Flulaval Quadrivalent"},{"code":"19515-0908-52","display":"Flulaval Quadrivalent"},{"code":"19515-0909-52","display":"Flulaval Quadrivalent"},{"code":"19515-0912-52","display":"Flulaval Quadrivalent"},{"code":"21695-0413-01","display":"Tetanus and Diphtheria Toxoids Adsorbed"},{"code":"33332-0010-01","display":"AFLURIA"},{"code":"33332-0013-01","display":"AFLURIA"},{"code":"33332-0014-01","display":"AFLURIA"},{"code":"33332-0015-01","display":"AFLURIA"},{"code":"33332-0016-01","display":"AFLURIA"},{"code":"33332-0017-01","display":"AFLURIA"},{"code":"33332-0018-01","display":"AFLURIA"},{"code":"33332-0110-10","display":"AFLURIA"},{"code":"33332-0113-10","display":"AFLURIA"},{"code":"33332-0114-10","display":"AFLURIA"},{"code":"33332-0115-10","display":"AFLURIA"},{"code":"33332-0116-10","display":"AFLURIA"},{"code":"33332-0117-10","display":"AFLURIA"},{"code":"33332-0118-10","display":"AFLURIA"},{"code":"33332-0316-01","display":"AFLURIA QUADRIVALENT"},{"code":"33332-0317-01","display":"AFLURIA QUADRIVALENT"},{"code":"33332-0318-01","display":"AFLURIA QUADRIVALENT"},{"code":"33332-0416-10","display":"AFLURIA QUADRIVALENT"},{"code":"33332-0417-10","display":"AFLURIA QUADRIVALENT"},{"code":"33332-0418-10","display":"AFLURIA QUADRIVALENT"},{"code":"33332-0519-01","display":"Influenza A"},{"code":"33332-0519-25","display":"Influenza A"},{"code":"33332-0629-10","display":"Influenza A"},{"code":"42515-0001-01","display":"IXIARO"},{"code":"42515-0001-01","display":"IXIARO"},{"code":"42515-0001-01","display":"IXIARO"},{"code":"42515-0001-01","display":"IXIARO"},{"code":"42515-0002-01","display":"IXIARO"},{"code":"42874-0012-10","display":"Flublok"},{"code":"42874-0013-10","display":"Flublok"},{"code":"42874-0014-10","display":"Flublok"},{"code":"42874-0015-10","display":"Flublok"},{"code":"42874-0016-10","display":"Flublok"},{"code":"42874-0017-10","display":"Flublok"},{"code":"42874-0117-10","display":"Flublok Quadrivalent"},{"code":"43528-0002-05","display":"HEPLISAV-B"},{"code":"43528-0003-05","display":"HEPLISAV-B"},{"code":"46028-0114-01","display":"Bexsero"},{"code":"46028-0114-02","display":"Bexsero"},{"code":"46028-0208-01","display":"Menveo"},{"code":"46028-0208-01","display":"Menveo"},{"code":"49281-0010-10","display":"FLUZONE"},{"code":"49281-0010-25","display":"FLUZONE"},{"code":"49281-0010-50","display":"FLUZONE"},{"code":"49281-0011-10","display":"FLUZONE"},{"code":"49281-0011-50","display":"FLUZONE"},{"code":"49281-0012-10","display":"FLUZONE"},{"code":"49281-0012-50","display":"FLUZONE"},{"code":"49281-0013-10","display":"FLUZONE"},{"code":"49281-0013-50","display":"FLUZONE"},{"code":"49281-0014-50","display":"FLUZONE"},{"code":"49281-0111-25","display":"FLUZONE"},{"code":"49281-0112-25","display":"FLUZONE"},{"code":"49281-0113-25","display":"FLUZONE"},{"code":"49281-0215-10","display":"TENIVAC"},{"code":"49281-0215-15","display":"TENIVAC"},{"code":"49281-0225-10","display":"DIPHTHERIA AND TETANUS TOXOIDS ADSORBED"},{"code":"49281-0250-51","display":"IMOVAX RABIES"},{"code":"49281-0278-10","display":"DIPHTHERIA AND TETANUS TOXOIDS ADSORBED"},{"code":"49281-0286-01","display":"DAPTACEL"},{"code":"49281-0286-05","display":"DAPTACEL"},{"code":"49281-0286-10","display":"DAPTACEL"},{"code":"49281-0291-10","display":"DECAVAC"},{"code":"49281-0291-83","display":"DECAVAC"},{"code":"49281-0298-10","display":"TRIPEDIA"},{"code":"49281-0386-15","display":"FLUZONE"},{"code":"49281-0387-65","display":"FLUZONE"},{"code":"49281-0388-15","display":"FLUZONE"},{"code":"49281-0389-65","display":"FLUZONE HIGH DOSE"},{"code":"49281-0390-15","display":"FLUZONE"},{"code":"49281-0391-65","display":"FLUZONE High-Dose"},{"code":"49281-0392-15","display":"FLUZONE"},{"code":"49281-0393-65","display":"FLUZONE High-Dose"},{"code":"49281-0394-15","display":"FLUZONE"},{"code":"49281-0395-65","display":"FLUZONE High-Dose"},{"code":"49281-0396-15","display":"FLUZONE"},{"code":"49281-0397-65","display":"FLUZONE High-Dose"},{"code":"49281-0399-65","display":"FLUZONE High-Dose"},{"code":"49281-0400-05","display":"Adacel"},{"code":"49281-0400-10","display":"Adacel"},{"code":"49281-0400-15","display":"Adacel"},{"code":"49281-0400-20","display":"Adacel"},{"code":"49281-0401-65","display":"FLUZONE High-Dose"},{"code":"49281-0403-65","display":"FLUZONE High-Dose"},{"code":"49281-0413-10","display":"FLUZONE QUADRIVALENT"},{"code":"49281-0413-50","display":"FLUZONE QUADRIVALENT"},{"code":"49281-0414-10","display":"FLUZONE QUADRIVALENT"},{"code":"49281-0414-50","display":"FLUZONE QUADRIVALENT"},{"code":"49281-0415-10","display":"FLUZONE QUADRIVALENT"},{"code":"49281-0416-10","display":"FLUZONE QUADRIVALENT"},{"code":"49281-0416-50","display":"FLUZONE QUADRIVALENT"},{"code":"49281-0417-10","display":"FLUZONE QUADRIVALENT"},{"code":"49281-0417-50","display":"FLUZONE QUADRIVALENT"},{"code":"49281-0418-10","display":"FLUZONE QUADRIVALENT"},{"code":"49281-0418-50","display":"FLUZONE QUADRIVALENT"},{"code":"49281-0489-01","display":"MENOMUNE - A/C/Y/W-135 COMBINED"},{"code":"49281-0489-91","display":"MENOMUNE - A/C/Y/W-135 COMBINED"},{"code":"49281-0510-05","display":"PENTACEL"},{"code":"49281-0510-05","display":"PENTACEL"},{"code":"49281-0513-25","display":"FLUZONE QUADRIVALENT"},{"code":"49281-0514-25","display":"FLUZONE QUADRIVALENT"},{"code":"49281-0516-25","display":"FLUZONE QUADRIVALENT"},{"code":"49281-0517-25","display":"FLUZONE QUADRIVALENT"},{"code":"49281-0518-25","display":"FLUZONE QUADRIVALENT"},{"code":"49281-0545-03","display":"ActHIB"},{"code":"49281-0545-05","display":"ActHIB"},{"code":"49281-0562-10","display":"QUADRACEL"},{"code":"49281-0589-05","display":"Menactra"},{"code":"49281-0621-15","display":"FLUZONE QUADRIVALENT"},{"code":"49281-0625-15","display":"FLUZONE QUADRIVALENT"},{"code":"49281-0627-15","display":"FLUZONE QUADRIVALENT"},{"code":"49281-0629-15","display":"FLUZONE QUADRIVALENT"},{"code":"49281-0640-15","display":"INFLUENZA A (H1N1) 2009 MONOVALENT VACCINE"},{"code":"49281-0650-10","display":"INFLUENZA A (H1N1) 2009 MONOVALENT VACCINE"},{"code":"49281-0650-25","display":"INFLUENZA A (H1N1) 2009 MONOVALENT VACCINE"},{"code":"49281-0650-50","display":"INFLUENZA A (H1N1) 2009 MONOVALENT VACCINE"},{"code":"49281-0650-70","display":"INFLUENZA A (H1N1) 2009 MONOVALENT VACCINE"},{"code":"49281-0650-90","display":"INFLUENZA A (H1N1) 2009 MONOVALENT VACCINE"},{"code":"49281-0703-55","display":"FLUZONE INTRADERMAL"},{"code":"49281-0705-55","display":"FLUZONE"},{"code":"49281-0707-55","display":"FLUZONE"},{"code":"49281-0708-40","display":"FLUZONE INTRADERMAL QUADRIVALENT"},{"code":"49281-0709-55","display":"FLUZONE Intradermal"},{"code":"49281-0710-40","display":"FLUZONE INTRADERMAL QUADRIVALENT"},{"code":"49281-0712-40","display":"FLUZONE INTRADERMAL QUADRIVALENT"},{"code":"49281-0718-10","display":"Flublok Quadrivalent"},{"code":"49281-0790-20","display":"Typhim Vi"},{"code":"49281-0790-51","display":"Typhim Vi"},{"code":"49281-0800-83","display":"TETANUS TOXOID ADSORBED"},{"code":"49281-0820-10","display":"TETANUS TOXOID ADSORBED"},{"code":"49281-0860-10","display":"IPOL"},{"code":"49281-0860-10","display":"IPOL"},{"code":"49281-0860-55","display":"IPOL"},{"code":"49281-0913-01","display":"STAMARIL"},{"code":"49281-0915-01","display":"YF-VAX"},{"code":"49281-0915-05","display":"YF-VAX"},{"code":"50090-1693-09","display":"IPOL"},{"code":"50090-2883-00","display":"INFANRIX"},{"code":"50090-3096-00","display":"RabAvert"},{"code":"50090-3469-00","display":"HEPLISAV-B"},{"code":"51285-0138-50","display":"Adenovirus Type 4 and Type 7 Vaccine, Live"},{"code":"51285-0138-50","display":"Adenovirus Type 4 and Type 7 Vaccine, Live"},{"code":"54868-0734-00","display":"ENGERIX-B"},{"code":"54868-0980-00","display":"M-M-R II"},{"code":"54868-2219-00","display":"RECOMBIVAX HB"},{"code":"54868-2219-01","display":"RECOMBIVAX HB"},{"code":"54868-3339-01","display":"PNEUMOVAX 23"},{"code":"54868-4320-00","display":"PNEUMOVAX 23"},{"code":"54868-6177-00","display":"FLUZONE"},{"code":"54868-6180-00","display":"FLUZONE"},{"code":"55045-3841-01","display":"HAVRIX"},{"code":"58160-0801-11","display":"Menhibrix"},{"code":"58160-0806-05","display":"HIBERIX"},{"code":"58160-0808-15","display":"Influenza A (H5N1) Monovalent Vaccine, Adjuvanted"},{"code":"58160-0808-15","display":"Influenza A (H5N1) Monovalent Vaccine, Adjuvanted"},{"code":"58160-0809-05","display":"MENHIBRIX"},{"code":"58160-0810-11","display":"INFANRIX"},{"code":"58160-0810-52","display":"INFANRIX"},{"code":"58160-0811-51","display":"PEDIARIX"},{"code":"58160-0811-52","display":"PEDIARIX"},{"code":"58160-0812-11","display":"KINRIX"},{"code":"58160-0812-52","display":"KINRIX"},{"code":"58160-0815-11","display":"TWINRIX"},{"code":"58160-0815-34","display":"TWINRIX"},{"code":"58160-0815-46","display":"TWINRIX"},{"code":"58160-0815-48","display":"TWINRIX"},{"code":"58160-0815-52","display":"TWINRIX"},{"code":"58160-0816-05","display":"Hiberix"},{"code":"58160-0818-11","display":"Hiberix"},{"code":"58160-0819-12","display":"Shingrix"},{"code":"58160-0820-11","display":"ENGERIX-B"},{"code":"58160-0820-52","display":"ENGERIX-B"},{"code":"58160-0821-11","display":"ENGERIX-B"},{"code":"58160-0821-34","display":"ENGERIX-B"},{"code":"58160-0821-52","display":"ENGERIX-B"},{"code":"58160-0823-11","display":"Shingrix"},{"code":"58160-0825-11","display":"HAVRIX"},{"code":"58160-0825-52","display":"HAVRIX"},{"code":"58160-0826-11","display":"HAVRIX"},{"code":"58160-0826-34","display":"HAVRIX"},{"code":"58160-0826-52","display":"HAVRIX"},{"code":"58160-0830-34","display":"CERVARIX"},{"code":"58160-0830-52","display":"CERVARIX"},{"code":"58160-0842-11","display":"BOOSTRIX"},{"code":"58160-0842-34","display":"BOOSTRIX"},{"code":"58160-0842-51","display":"BOOSTRIX"},{"code":"58160-0842-52","display":"BOOSTRIX"},{"code":"58160-0854-52","display":"ROTARIX"},{"code":"58160-0879-52","display":"FLUARIX"},{"code":"58160-0880-52","display":"FLUARIX"},{"code":"58160-0881-52","display":"FLUARIX"},{"code":"58160-0883-52","display":"FLUARIX"},{"code":"58160-0898-52","display":"FLUARIX QUADRIVALENT"},{"code":"58160-0900-52","display":"FLUARIX QUADRIVALENT"},{"code":"58160-0901-52","display":"FLUARIX QUADRIVALENT"},{"code":"58160-0903-52","display":"FLUARIX QUADRIVALENT"},{"code":"58160-0905-52","display":"FLUARIX QUADRIVALENT"},{"code":"58160-0907-52","display":"FLUARIX QUADRIVALENT"},{"code":"58160-0955-09","display":"Menveo"},{"code":"58160-0955-09","display":"Menveo"},{"code":"58160-0964-12","display":"RabAvert"},{"code":"58160-0964-12","display":"RabAvert"},{"code":"58160-0976-06","display":"Bexsero"},{"code":"58160-0976-20","display":"Bexsero"},{"code":"62195-0051-10","display":"Ixiaro"},{"code":"62577-0613-01","display":"Flucelvax"},{"code":"62577-0614-01","display":"Flucelvax"},{"code":"63851-0501-01","display":"RabAvert"},{"code":"63851-0501-02","display":"RabAvert"},{"code":"63851-0612-01","display":"Flucelvax"},{"code":"63851-0613-01","display":"FLUCELVAX"},{"code":"64678-0211-01","display":"BioThrax"},{"code":"66019-0107-01","display":"FLUMIST"},{"code":"66019-0108-10","display":"FLUMIST"},{"code":"66019-0109-10","display":"FLUMIST"},{"code":"66019-0110-10","display":"FluMist"},{"code":"66019-0200-10","display":"Influenza A H1N1 Intranasal"},{"code":"66019-0300-10","display":"FluMist Quadrivalent"},{"code":"66019-0301-10","display":"FluMist Quadrivalent"},{"code":"66019-0302-10","display":"FluMist Quadrivalent"},{"code":"66019-0303-10","display":"FluMist Quadrivalent"},{"code":"66019-0304-10","display":"FluMist Quadrivalent"},{"code":"66019-0305-10","display":"FluMist Quadrivalent"},{"code":"66521-0000-01","display":"FLUAD"},{"code":"66521-0112-02","display":"Fluvirin"},{"code":"66521-0112-10","display":"Fluvirin"},{"code":"66521-0113-02","display":"FLUVIRIN"},{"code":"66521-0113-10","display":"FLUVIRIN"},{"code":"66521-0114-02","display":"FLUVIRIN"},{"code":"66521-0114-10","display":"FLUVIRIN"},{"code":"66521-0115-02","display":"FLUVIRIN"},{"code":"66521-0115-10","display":"FLUVIRIN"},{"code":"66521-0116-02","display":"Fluvirin"},{"code":"66521-0116-10","display":"Fluvirin"},{"code":"66521-0117-02","display":"Fluvirin"},{"code":"66521-0117-10","display":"Fluvirin"},{"code":"66521-0118-02","display":"Fluvirin"},{"code":"66521-0118-10","display":"Fluvirin"},{"code":"66521-0200-02","display":"Influenza A (H1N1) 2009 Monovalent Vaccine"},{"code":"66521-0200-10","display":"Influenza A (H1N1) 2009 Monovalent Vaccine"},{"code":"69401-0000-01","display":"Vivotif"},{"code":"69401-0000-02","display":"Vivotif"},{"code":"70460-0001-01","display":"Vaxchora"},{"code":"70461-0001-01","display":"FLUAD"},{"code":"70461-0002-01","display":"FLUAD"},{"code":"70461-0018-03","display":"FLUAD"},{"code":"70461-0119-02","display":"Fluvirin"},{"code":"70461-0119-10","display":"Fluvirin"},{"code":"70461-0120-02","display":"Fluvirin"},{"code":"70461-0120-10","display":"Fluvirin"},{"code":"70461-0200-01","display":"FLUCELVAX QUADRIVALENT"},{"code":"70461-0201-01","display":"FLUCELVAX QUADRIVALENT (PREFILLED SYRINGE)"},{"code":"70461-0301-10","display":"FLUCELVAX QUADRIVALENT (MULTI-DOSE VIAL)"},{"code":"70461-0318-03","display":"FLUCELVAX QUADRIVALENT (PREFILLED SYRINGE)"},{"code":"70461-0418-10","display":"FLUCELVAX QUADRIVALENT (MULTI-DOSE VIAL)"},{"code":"76420-0482-01","display":"Medical Provider Single Use EZ Flu Shot 2013-2014"},{"code":"76420-0483-01","display":"Medical Provider Single Use EZ Flu Shot 2013-2014"},{"code":"63361-0245-10","display":"VAXELIS"}]}]}}