{"resourceType":"ValueSet","id":"us-core-narrative-status","text":{"status":"generated","div":"<div xmlns=\"http://www.w3.org/1999/xhtml\"><h2>US Core Narrative Status</h2><div><p>The US Core Narrative Status Value Set limits the text status for the resource narrative.</p>\n</div><p><b>Copyright Statement:</b> HL7</p><p>This value set includes codes from the following code systems:</p><ul><li>Include these codes as defined in <a href=\"http://hl7.org/fhir/R4/codesystem-narrative-status.html\"><code>http://hl7.org/fhir/narrative-status</code></a><table class=\"none\"><tr><td style=\"white-space:nowrap\"><b>Code</b></td><td><b>Display</b></td></tr><tr><td><a href=\"http://hl7.org/fhir/R4/codesystem-narrative-status.html#narrative-status-additional\">additional</a></td><td>additional</td><td>The contents of the narrative may contain additional information not found in the structured data. Note that there is no computable way to determine what the extra information is, other than by human inspection.</td></tr><tr><td><a href=\"http://hl7.org/fhir/R4/codesystem-narrative-status.html#narrative-status-generated\">generated</a></td><td>generated</td><td>The contents of the narrative are entirely generated from the core elements in the content.</td></tr></table></li></ul></div>"},"url":"http://hl7.org/fhir/us/core/ValueSet/us-core-narrative-status","version":"0.0.0","name":"NarrativeStatus","title":"US Core Narrative Status","status":"active","date":"2019-07-20T15:50:06-07:00","publisher":"HL7 US Realm Steering Committee","contact":[{"telecom":[{"system":"other","value":"http://hl7.org/fhir"}]}],"description":"The US Core Narrative Status Value Set limits the text status for the resource narrative.","jurisdiction":[{"coding":[{"system":"urn:iso:std:iso:3166","code":"US","display":"United States of America"}]}],"copyright":"HL7","compose":{"include":[{"system":"http://hl7.org/fhir/narrative-status","concept":[{"code":"additional","display":"additional"},{"code":"generated","display":"generated"}]}]}}