{"resourceType":"ValueSet","id":"us-core-condition-category","text":{"status":"generated","div":"<div xmlns=\"http://www.w3.org/1999/xhtml\"><h2>US Core Condition Category Codes</h2><div><p>The US core Condition Category Codes support the separate concepts of problems and health concerns in Condition.category in order for API consumers to be able to separate health concerns and problems. However this is not mandatory for 2015 certification</p>\n</div><p>This value set includes codes from the following code systems:</p><ul><li>Include all codes defined in <a href=\"http://hl7.org/fhir/R4/codesystem-condition-category.html\"><code>http://terminology.hl7.org/CodeSystem/condition-category</code></a></li><li>Include these codes as defined in <a href=\"CodeSystem-condition-category.html\"><code>http://hl7.org/fhir/us/core/CodeSystem/condition-category</code></a><table class=\"none\"><tr><td style=\"white-space:nowrap\"><b>Code</b></td><td><b>Display</b></td></tr><tr><td><a href=\"CodeSystem-condition-category.html#condition-category-health-concern\">health-concern</a></td><td>Health Concern</td><td>Additional health concerns from other stakeholders which are outside the provider’s problem list.</td></tr></table></li></ul></div>"},"url":"http://hl7.org/fhir/us/core/ValueSet/us-core-condition-category","version":"0.0.0","name":"USCoreConditionCategoryCodes","title":"US Core Condition Category Codes","status":"active","date":"2019-05-21T00:00:00-07:00","publisher":"HL7 US Realm Steering Committee","description":"The US core Condition Category Codes support the separate concepts of problems and health concerns in Condition.category in order for API consumers to be able to separate health concerns and problems. However this is not mandatory for 2015 certification","jurisdiction":[{"coding":[{"system":"urn:iso:std:iso:3166","code":"US","display":"United States of America"}]}],"purpose":"So API consumers can separate health concerns and problems.","compose":{"include":[{"system":"http://terminology.hl7.org/CodeSystem/condition-category"},{"system":"http://hl7.org/fhir/us/core/CodeSystem/condition-category","concept":[{"code":"health-concern","display":"Health Concern"}]}]}}