<?xml version="1.0" encoding="UTF-8"?>

<AllergyIntolerance xmlns="http://hl7.org/fhir">
  <id value="eyHIVsZwhzaZhX9XvFesx5A3"/>
  <meta>
    <profile value="http://hl7.org/fhir/us/core/StructureDefinition/us-core-allergyintolerance"/>
  </meta>
  <text>
    <status value="generated"/><div xmlns="http://www.w3.org/1999/xhtml"><p><b>Generated Narrative with Details</b></p><p><b>id</b>: eyHIVsZwhzaZhX9XvFesx5A3</p><p><b>meta</b>: </p><p><b>clinicalStatus</b>: Active <span style="background: LightGoldenRodYellow">(Details : {http://terminology.hl7.org/CodeSystem/allergyintolerance-clinical code 'active' = 'Active', given as 'Active'})</span></p><p><b>verificationStatus</b>: Confirmed <span style="background: LightGoldenRodYellow">(Details : {http://terminology.hl7.org/CodeSystem/allergyintolerance-verification code 'confirmed' = 'Confirmed', given as 'Confirmed'})</span></p><p><b>category</b>: medication</p><p><b>code</b>: LACTOSE INTOLERANCE (GI) <span style="background: LightGoldenRodYellow">(Details : {urn:oid:2.16.840.1.113883.3.26.1.5 code 'N0000006627' = 'N0000006627', given as 'LACTOSE INTOLERANCE (GI)'})</span></p><p><b>patient</b>: <a href="Patient-eroCd17NbCffM3E3WXi7eOQ3.html">Argonaut, Jason. Generated Summary: id: eroCd17NbCffM3E3WXi7eOQ3; EPIC = E3948 (USUAL), EXTERNAL = Z6073 (USUAL), ?? (USUAL); active; Jason Argonaut; ph: 608-623-5250(HOME), ph: 608-777-7777(WORK), ph: 608-623-5250(MOBILE); gender: male; birthDate: Dec 11, 1978; </a></p><h3>Reactions</h3><table class="grid"><tr><td>-</td><td><b>Manifestation</b></td><td><b>Description</b></td><td><b>Severity</b></td></tr><tr><td>*</td><td>GI intolerance <span style="background: LightGoldenRodYellow">(Details )</span></td><td>GI intolerance</td><td>mild</td></tr></table></div>
  </text>
  <clinicalStatus>
    <coding>
      <system value="http://terminology.hl7.org/CodeSystem/allergyintolerance-clinical"/>
      <version value="4.0.0"/>
      <code value="active"/>
      <display value="Active"/>
    </coding>
  </clinicalStatus>
  <verificationStatus>
    <coding>
      <system value="http://terminology.hl7.org/CodeSystem/allergyintolerance-verification"/>
      <version value="4.0.0"/>
      <code value="confirmed"/>
      <display value="Confirmed"/>
    </coding>
  </verificationStatus>
  <category value="medication"/>
  <code>
    <coding>
      <system value="urn:oid:2.16.840.1.113883.3.26.1.5"/>
      <code value="N0000006627"/>
      <display value="LACTOSE INTOLERANCE (GI)"/>
    </coding>
    <text value="LACTOSE INTOLERANCE (GI)"/>
  </code>
  <patient>
    <reference value="Patient/eroCd17NbCffM3E3WXi7eOQ3"/>
    <display value="Argonaut, Jason"/>
  </patient>
  <reaction>
    <manifestation>
      <text value="GI intolerance"/>
    </manifestation>
    <description value="GI intolerance"/>
    <severity value="mild"/>
  </reaction>
</AllergyIntolerance>