<?xml version="1.0" encoding="UTF-8"?>

<CodeSystem xmlns="http://hl7.org/fhir">
  <id value="careplan-category"/>
  <text>
    <status value="generated"/><div xmlns="http://www.w3.org/1999/xhtml"><h2>US Core CarePlan Category Extension Codes</h2><div><p>Set of codes that are needed for implementation of the US-Core profiles. These codes are used as extensions to the FHIR and US Core value sets.</p>
</div><p>This code system http://hl7.org/fhir/us/core/CodeSystem/careplan-category defines the following codes:</p><table class="codes"><tr><td style="white-space:nowrap"><b>Code</b></td><td><b>Display</b></td><td><b>Definition</b></td></tr><tr><td style="white-space:nowrap">assess-plan<a name="careplan-category-assess-plan"> </a></td><td>Assessment and Plan of Treatment</td><td>The clinical conclusions and assumptions that guide the patient's treatment and the clinical activities formulated for a patient.</td></tr></table></div>
  </text>
  <url value="http://hl7.org/fhir/us/core/CodeSystem/careplan-category"/>
  <version value="0.0.0"/>
  <name value="USCoreCarePlanCategoryExtensionCodes"/>
  <title value="US Core CarePlan Category Extension Codes"/>
  <status value="active"/>
  <date value="2019-05-26T17:29:47-07:00"/>
  <publisher value="HL7 US Realm Steering Committee"/>
  <description value="Set of codes that are needed for implementation of the US-Core profiles. These codes are used as extensions to the FHIR and US Core value sets.&#xA;"/>
  <jurisdiction>
    <coding>
      <system value="urn:iso:std:iso:3166"/>
      <code value="US"/>
      <display value="United States of America"/>
    </coding>
  </jurisdiction>
  <caseSensitive value="true"/>
  <valueSet value="http://hl7.org/fhir/us/core/ValueSet/careplan-category"/>
  <content value="complete"/>
  <concept>
    <code value="assess-plan"/>
    <display value="Assessment and Plan of Treatment"/>
    <definition value="The clinical conclusions and assumptions that guide the patient&#39;s treatment and the clinical activities formulated for a patient."/>
  </concept>
</CodeSystem>