{
  "resourceType": "CodeSystem",
  "id": "careplan-category",
  "text": {
    "status": "generated",
    "div": "<div xmlns=\"http://www.w3.org/1999/xhtml\"><h2>US Core CarePlan Category Extension Codes</h2><div><p>Set of codes that are needed for implementation of the US-Core profiles. These codes are used as extensions to the FHIR and US Core value sets.</p>\n</div><p>This code system http://hl7.org/fhir/us/core/CodeSystem/careplan-category defines the following codes:</p><table class=\"codes\"><tr><td style=\"white-space:nowrap\"><b>Code</b></td><td><b>Display</b></td><td><b>Definition</b></td></tr><tr><td style=\"white-space:nowrap\">assess-plan<a name=\"careplan-category-assess-plan\"> </a></td><td>Assessment and Plan of Treatment</td><td>The clinical conclusions and assumptions that guide the patient's treatment and the clinical activities formulated for a patient.</td></tr></table></div>"
  },
  "url": "http://hl7.org/fhir/us/core/CodeSystem/careplan-category",
  "version": "0.0.0",
  "name": "USCoreCarePlanCategoryExtensionCodes",
  "title": "US Core CarePlan Category Extension Codes",
  "status": "active",
  "date": "2019-05-26T17:29:47-07:00",
  "publisher": "HL7 US Realm Steering Committee",
  "description": "Set of codes that are needed for implementation of the US-Core profiles. These codes are used as extensions to the FHIR and US Core value sets.\n",
  "jurisdiction": [
    {
      "coding": [
        {
          "system": "urn:iso:std:iso:3166",
          "code": "US",
          "display": "United States of America"
        }
      ]
    }
  ],
  "caseSensitive": true,
  "valueSet": "http://hl7.org/fhir/us/core/ValueSet/careplan-category",
  "content": "complete",
  "concept": [
    {
      "code": "assess-plan",
      "display": "Assessment and Plan of Treatment",
      "definition": "The clinical conclusions and assumptions that guide the patient's treatment and the clinical activities formulated for a patient."
    }
  ]
}