<?xml version="1.0" encoding="UTF-8"?>

<ConceptMap xmlns="http://hl7.org/fhir">
  <id value="ndc-cvx"/>
  <text>
    <status value="generated"/><div xmlns="http://www.w3.org/1999/xhtml"><h2>USCoreNDCtoCVXCodeMapping (http://hl7.org/fhir/us/core/ConceptMap/ndc-cvx)</h2><p>Mapping from <a href="ValueSet-us-core-ndc-vaccine-codes.html">http://hl7.org/fhir/us/core/ValueSet/us-core-ndc-vaccine-codes</a> to <a href="ValueSet-us-core-vaccines-cvx.html">http://hl7.org/fhir/us/core/ValueSet/us-core-vaccines-cvx</a></p><p>ACTIVE. Published on May 21, 2019, 12:00:00 AM by HL7 US Realm Steering Committee. </p><div><p>Unit of Use [NDC code] (https://www2a.cdc.gov/vaccines/iis/iisstandards/ndc_crosswalk.asp) mapping  to the <a href="https://www2a.cdc.gov/vaccines/iis/iisstandards/vaccines.asp?rpt=cvx">CVX Vaccine codes</a>.  Note: source = NDC and target = CVX</p>
</div><br/><table class="grid"><tr><td><b>Source Code</b></td><td><b>Equivalence</b></td><td><b>Destination Code</b></td></tr><tr><td>49281-0589-58</td><td>wider</td><td>114</td></tr><tr><td>49281-0623-78</td><td>wider</td><td>158</td></tr><tr><td>49281-0515-00</td><td>wider</td><td>161</td></tr><tr><td>49281-0415-88</td><td>wider</td><td>150</td></tr><tr><td>49281-0415-58</td><td>wider</td><td>150</td></tr><tr><td>33332-0115-11</td><td>wider</td><td>141</td></tr><tr><td>33332-0015-02</td><td>wider</td><td>140</td></tr><tr><td>66019-0302-01</td><td>wider</td><td>149</td></tr><tr><td>42874-0015-01</td><td>wider</td><td>155</td></tr><tr><td>66521-0118-12</td><td>wider</td><td>140</td></tr><tr><td>66521-0118-11</td><td>wider</td><td>141</td></tr><tr><td>58160-0883-41</td><td>wider</td><td>140</td></tr><tr><td>66521-0000-11</td><td>wider</td><td>168</td></tr><tr><td>69401-0000-01</td><td>wider</td><td>25</td></tr><tr><td>66019-0301-01</td><td>wider</td><td>149</td></tr><tr><td>33332-0014-02</td><td>wider</td><td>140</td></tr><tr><td>33332-0114-11</td><td>wider</td><td>141</td></tr><tr><td>63851-0613-11</td><td>wider</td><td>153</td></tr><tr><td>66521-0117-11</td><td>wider</td><td>141</td></tr><tr><td>66521-0117-12</td><td>wider</td><td>140</td></tr><tr><td>00006-4093-01</td><td>wider</td><td>8</td></tr><tr><td>00006-4094-01</td><td>wider</td><td>43</td></tr><tr><td>00006-4095-01</td><td>wider</td><td>83</td></tr><tr><td>00006-4096-01</td><td>wider</td><td>52</td></tr><tr><td>00006-4963-01</td><td>wider</td><td>121</td></tr><tr><td>00006-4963-01</td><td>wider</td><td>121</td></tr><tr><td>42874-0014-01</td><td>wider</td><td>155</td></tr><tr><td>49281-0414-88</td><td>wider</td><td>150</td></tr><tr><td>49281-0395-88</td><td>wider</td><td>135</td></tr><tr><td>49281-0709-48</td><td>wider</td><td>144</td></tr><tr><td>58160-0881-41</td><td>wider</td><td>140</td></tr><tr><td>58160-0809-01</td><td>wider</td><td>148</td></tr><tr><td>62577-0613-11</td><td>wider</td><td>153</td></tr><tr><td>19515-0893-02</td><td>wider</td><td>141</td></tr><tr><td>49281-0621-78</td><td>wider</td><td>158</td></tr><tr><td>00005-0100-01</td><td>wider</td><td>162</td></tr><tr><td>00005-0100-01</td><td>wider</td><td>162</td></tr><tr><td>00005-0100-01</td><td>wider</td><td>162</td></tr><tr><td>00006-4047-01</td><td>wider</td><td>116</td></tr><tr><td>00006-4109-01</td><td>wider</td><td>62</td></tr><tr><td>62577-0613-11</td><td>wider</td><td>153</td></tr><tr><td>00006-4121-01</td><td>wider</td><td>165</td></tr><tr><td>00006-4119-01</td><td>wider</td><td>165</td></tr><tr><td>00006-4119-01</td><td>wider</td><td>165</td></tr><tr><td>63851-0511-11</td><td>wider</td><td>18</td></tr><tr><td>49281-0562-58</td><td>wider</td><td>130</td></tr><tr><td>46028-0114-11</td><td>wider</td><td>163</td></tr><tr><td>46028-0114-11</td><td>wider</td><td>163</td></tr><tr><td>00006-4171-01</td><td>wider</td><td>94</td></tr><tr><td>13533-0131-00</td><td>wider</td><td>9</td></tr><tr><td>49281-0396-78</td><td>wider</td><td>141</td></tr><tr><td>49281-0397-88</td><td>wider</td><td>135</td></tr><tr><td>62577-0614-11</td><td>wider</td><td>153</td></tr><tr><td>58160-0903-41</td><td>wider</td><td>150</td></tr><tr><td>19515-0898-01</td><td>wider</td><td>158</td></tr><tr><td>19515-0901-41</td><td>wider</td><td>150</td></tr><tr><td>49281-0393-88</td><td>wider</td><td>135</td></tr><tr><td>58160-0810-43</td><td>wider</td><td>20</td></tr><tr><td>58160-0810-01</td><td>wider</td><td>20</td></tr><tr><td>49281-0790-38</td><td>wider</td><td>101</td></tr><tr><td>49281-0790-88</td><td>wider</td><td>101</td></tr><tr><td>49281-0640-15</td><td>wider</td><td>127</td></tr><tr><td>49281-0650-10</td><td>wider</td><td>126</td></tr><tr><td>49281-0650-90</td><td>wider</td><td>126</td></tr><tr><td>49281-0650-25</td><td>wider</td><td>126</td></tr><tr><td>49281-0650-70</td><td>wider</td><td>126</td></tr><tr><td>49281-0650-50</td><td>wider</td><td>126</td></tr><tr><td>49281-0707-48</td><td>wider</td><td>144</td></tr><tr><td>66019-0110-01</td><td>wider</td><td>111</td></tr><tr><td>00006-4681-01</td><td>wider</td><td>3</td></tr><tr><td>49281-0215-58</td><td>wider</td><td>113</td></tr><tr><td>49281-0215-88</td><td>wider</td><td>113</td></tr><tr><td>46028-0218-11</td><td>wider</td><td>136</td></tr><tr><td>49281-0387-65</td><td>wider</td><td>135</td></tr><tr><td>49281-0386-15</td><td>wider</td><td>141</td></tr><tr><td>49281-0010-10</td><td>wider</td><td>140</td></tr><tr><td>49281-0010-25</td><td>wider</td><td>140</td></tr><tr><td>49281-0010-50</td><td>wider</td><td>140</td></tr><tr><td>54868-0980-00</td><td>wider</td><td>3</td></tr><tr><td>58160-0830-43</td><td>wider</td><td>118</td></tr><tr><td>58160-0830-05</td><td>wider</td><td>118</td></tr><tr><td>00005-1971-01</td><td>wider</td><td>133</td></tr><tr><td>00005-1971-01</td><td>wider</td><td>133</td></tr><tr><td>00005-1971-01</td><td>wider</td><td>133</td></tr><tr><td>17478-0131-00</td><td>wider</td><td>9</td></tr><tr><td>58160-0812-43</td><td>wider</td><td>130</td></tr><tr><td>58160-0812-01</td><td>wider</td><td>130</td></tr><tr><td>66019-0108-01</td><td>wider</td><td>111</td></tr><tr><td>00006-4898-01</td><td>wider</td><td>51</td></tr><tr><td>58160-0809-01</td><td>wider</td><td>148</td></tr><tr><td>63851-0612-11</td><td>wider</td><td>153</td></tr><tr><td>00006-4992-01</td><td>wider</td><td>44</td></tr><tr><td>00006-4981-01</td><td>wider</td><td>8</td></tr><tr><td>00006-4980-00</td><td>wider</td><td>8</td></tr><tr><td>00006-4093-01</td><td>wider</td><td>8</td></tr><tr><td>00006-4094-01</td><td>wider</td><td>43</td></tr><tr><td>00006-4109-01</td><td>wider</td><td>62</td></tr><tr><td>66521-0112-02</td><td>wider</td><td>140</td></tr><tr><td>66521-0112-10</td><td>wider</td><td>141</td></tr><tr><td>66019-0107-01</td><td>wider</td><td>111</td></tr><tr><td>49281-0225-58</td><td>wider</td><td>28</td></tr><tr><td>49281-0705-55</td><td>wider</td><td>144</td></tr><tr><td>42515-0001-00</td><td>wider</td><td>134</td></tr><tr><td>58160-0879-41</td><td>wider</td><td>140</td></tr><tr><td>58160-0880-41</td><td>wider</td><td>140</td></tr><tr><td>58160-0820-01</td><td>wider</td><td>8</td></tr><tr><td>58160-0820-43</td><td>wider</td><td>8</td></tr><tr><td>58160-0821-01</td><td>wider</td><td>43</td></tr><tr><td>58160-0821-43</td><td>wider</td><td>43</td></tr><tr><td>58160-0821-05</td><td>wider</td><td>43</td></tr><tr><td>42874-0012-01</td><td>wider</td><td>155</td></tr><tr><td>49281-0278-10</td><td>wider</td><td>28</td></tr><tr><td>66019-0109-01</td><td>wider</td><td>111</td></tr><tr><td>19515-0890-02</td><td>wider</td><td>141</td></tr><tr><td>19515-0889-02</td><td>wider</td><td>141</td></tr><tr><td>58160-0900-41</td><td>wider</td><td>150</td></tr><tr><td>49281-0860-78</td><td>wider</td><td>10</td></tr><tr><td>49281-0860-88</td><td>wider</td><td>10</td></tr><tr><td>49281-0389-65</td><td>wider</td><td>135</td></tr><tr><td>49281-0388-15</td><td>wider</td><td>141</td></tr><tr><td>49281-0011-10</td><td>wider</td><td>140</td></tr><tr><td>49281-0011-50</td><td>wider</td><td>140</td></tr><tr><td>49281-0703-55</td><td>wider</td><td>144</td></tr><tr><td>49281-0111-25</td><td>wider</td><td>140</td></tr><tr><td>66521-0200-10</td><td>wider</td><td>126</td></tr><tr><td>66521-0200-02</td><td>wider</td><td>127</td></tr><tr><td>49281-0298-10</td><td>wider</td><td>20</td></tr><tr><td>58160-0806-01</td><td>wider</td><td>48</td></tr><tr><td>33332-0013-02</td><td>wider</td><td>140</td></tr><tr><td>33332-0113-11</td><td>wider</td><td>141</td></tr><tr><td>49281-0391-65</td><td>wider</td><td>135</td></tr><tr><td>49281-0012-50</td><td>wider</td><td>140</td></tr><tr><td>49281-0012-10</td><td>wider</td><td>140</td></tr><tr><td>49281-0112-25</td><td>wider</td><td>140</td></tr><tr><td>49281-0390-15</td><td>wider</td><td>141</td></tr><tr><td>00006-4897-01</td><td>wider</td><td>49</td></tr><tr><td>49281-0291-83</td><td>wider</td><td>113</td></tr><tr><td>49281-0291-10</td><td>wider</td><td>113</td></tr><tr><td>49281-0413-88</td><td>wider</td><td>150</td></tr><tr><td>49281-0413-58</td><td>wider</td><td>150</td></tr><tr><td>49281-0513-00</td><td>wider</td><td>161</td></tr><tr><td>66521-0113-02</td><td>wider</td><td>140</td></tr><tr><td>66521-0113-10</td><td>wider</td><td>141</td></tr><tr><td>00005-1970-49</td><td>wider</td><td>100</td></tr><tr><td>00006-4047-01</td><td>wider</td><td>116</td></tr><tr><td>58160-0811-43</td><td>wider</td><td>110</td></tr><tr><td>58160-0811-41</td><td>wider</td><td>110</td></tr><tr><td>00006-4827-01</td><td>wider</td><td>21</td></tr><tr><td>00006-4826-01</td><td>wider</td><td>21</td></tr><tr><td>58160-0842-41</td><td>wider</td><td>115</td></tr><tr><td>58160-0842-01</td><td>wider</td><td>115</td></tr><tr><td>58160-0842-43</td><td>wider</td><td>115</td></tr><tr><td>58160-0842-05</td><td>wider</td><td>115</td></tr><tr><td>66019-0300-01</td><td>wider</td><td>149</td></tr><tr><td>49281-0589-58</td><td>wider</td><td>114</td></tr><tr><td>00006-4095-01</td><td>wider</td><td>83</td></tr><tr><td>00006-4096-01</td><td>wider</td><td>52</td></tr><tr><td>00006-4831-01</td><td>wider</td><td>83</td></tr><tr><td>63851-0511-11</td><td>wider</td><td>18</td></tr><tr><td>66019-0200-01</td><td>wider</td><td>125</td></tr><tr><td>14362-0111-03</td><td>wider</td><td>9</td></tr><tr><td>33332-0519-01</td><td>wider</td><td>126</td></tr><tr><td>33332-0519-25</td><td>wider</td><td>126</td></tr><tr><td>33332-0629-10</td><td>wider</td><td>127</td></tr><tr><td>58160-0825-43</td><td>wider</td><td>83</td></tr><tr><td>58160-0825-01</td><td>wider</td><td>83</td></tr><tr><td>58160-0826-43</td><td>wider</td><td>52</td></tr><tr><td>58160-0826-05</td><td>wider</td><td>52</td></tr><tr><td>58160-0826-01</td><td>wider</td><td>52</td></tr><tr><td>33332-0010-01</td><td>wider</td><td>140</td></tr><tr><td>33332-0110-10</td><td>wider</td><td>141</td></tr><tr><td>66521-0115-10</td><td>wider</td><td>141</td></tr><tr><td>66521-0115-02</td><td>wider</td><td>140</td></tr><tr><td>00006-4133-01</td><td>wider</td><td>9</td></tr><tr><td>54868-4320-09</td><td>wider</td><td>33</td></tr><tr><td>54868-3339-09</td><td>wider</td><td>33</td></tr><tr><td>00052-0603-01</td><td>wider</td><td>19</td></tr><tr><td>64678-0211-05</td><td>wider</td><td>24</td></tr><tr><td>00006-4739-01</td><td>wider</td><td>33</td></tr><tr><td>00006-4943-01</td><td>wider</td><td>33</td></tr><tr><td>49281-0013-58</td><td>wider</td><td>140</td></tr><tr><td>49281-0013-88</td><td>wider</td><td>140</td></tr><tr><td>49281-0392-78</td><td>wider</td><td>141</td></tr><tr><td>49281-0113-00</td><td>wider</td><td>140</td></tr><tr><td>49281-0820-10</td><td>wider</td><td>35</td></tr><tr><td>49281-0800-83</td><td>wider</td><td>35</td></tr><tr><td>49281-0400-88</td><td>wider</td><td>115</td></tr><tr><td>49281-0286-58</td><td>wider</td><td>106</td></tr><tr><td>49281-0286-58</td><td>wider</td><td>106</td></tr><tr><td>49281-0286-58</td><td>wider</td><td>106</td></tr><tr><td>58160-0815-41</td><td>wider</td><td>104</td></tr><tr><td>58160-0815-43</td><td>wider</td><td>104</td></tr><tr><td>58160-0815-05</td><td>wider</td><td>104</td></tr><tr><td>58160-0815-43</td><td>wider</td><td>104</td></tr><tr><td>58160-0815-01</td><td>wider</td><td>104</td></tr><tr><td>66521-0114-10</td><td>wider</td><td>141</td></tr><tr><td>76420-0482-01</td><td>wider</td><td>140</td></tr><tr><td>19515-0895-01</td><td>wider</td><td>158</td></tr><tr><td>00006-4999-01</td><td>wider</td><td>94</td></tr><tr><td>49281-0545-15</td><td>wider</td><td>120</td></tr><tr><td>51285-0174-02</td><td>wider</td><td>143</td></tr><tr><td>49281-0248-58</td><td>wider</td><td>18</td></tr><tr><td>49281-0487-58</td><td>wider</td><td>32</td></tr><tr><td>49281-0915-58</td><td>wider</td><td>37</td></tr><tr><td>49281-0547-58</td><td>wider</td><td>48</td></tr><tr><td>58160-0851-01</td><td>wider</td><td>119</td></tr><tr><td>49281-0915-68</td><td>wider</td><td>37</td></tr><tr><td>49281-0488-78</td><td>wider</td><td>32</td></tr><tr><td>46028-0219-11</td><td>wider</td><td>136</td></tr><tr><td>51285-0175-02</td><td>wider</td><td>143</td></tr><tr><td>49281-0560-05</td><td>wider</td><td>120</td></tr><tr><td>49281-0400-58</td><td>wider</td><td>115</td></tr><tr><td>49281-0400-58</td><td>wider</td><td>115</td></tr><tr><td>42874-0013-01</td><td>wider</td><td>155</td></tr><tr><td>66521-0116-11</td><td>wider</td><td>141</td></tr><tr><td>66521-0116-12</td><td>wider</td><td>140</td></tr><tr><td>00006-4045-01</td><td>wider</td><td>62</td></tr><tr><td>00006-4045-01</td><td>wider</td><td>62</td></tr><tr><td>00006-4995-01</td><td>wider</td><td>43</td></tr><tr><td>00006-4995-01</td><td>wider</td><td>43</td></tr><tr><td>00006-4841-01</td><td>wider</td><td>52</td></tr><tr><td>00006-4841-01</td><td>wider</td><td>52</td></tr><tr><td>58160-0804-01</td><td>wider</td><td>160</td></tr><tr><td>58160-0802-02</td><td>wider</td><td>160</td></tr><tr><td>58160-0901-41</td><td>wider</td><td>150</td></tr><tr><td>00006-4837-01</td><td>wider</td><td>33</td></tr><tr><td>19515-0891-01</td><td>wider</td><td>158</td></tr><tr><td>19515-0893-02</td><td>wider</td><td>141</td></tr><tr><td>19515-0894-41</td><td>wider</td><td>150</td></tr><tr><td>49281-0514-00</td><td>wider</td><td>161</td></tr><tr><td>49281-0394-78</td><td>wider</td><td>141</td></tr><tr><td>49281-0014-88</td><td>wider</td><td>140</td></tr><tr><td>49281-0414-58</td><td>wider</td><td>150</td></tr></table></div>
  </text>
  <url value="http://hl7.org/fhir/us/core/ConceptMap/ndc-cvx"/>
  <version value="0.0.0"/>
  <name value="USCoreNDCtoCVXCodeMapping"/>
  <title value="US Core NDC to CVX Code Mapping"/>
  <status value="active"/>
  <date value="2019-05-21T00:00:00-07:00"/>
  <publisher value="HL7 US Realm Steering Committee"/>
  <description value="Unit of Use [NDC code] (https://www2a.cdc.gov/vaccines/iis/iisstandards/ndc_crosswalk.asp) mapping  to the [CVX Vaccine codes](https://www2a.cdc.gov/vaccines/iis/iisstandards/vaccines.asp?rpt=cvx).  Note: source = NDC and target = CVX"/>
  <jurisdiction>
    <coding>
      <system value="urn:iso:std:iso:3166"/>
      <code value="US"/>
      <display value="United States of America"/>
    </coding>
  </jurisdiction>
  <purpose value="Based upon the 2015 Edition Certification Requirements, the NDC vaccine codes SHOULD be supported as translations to the CVX vaccine codes."/>
  <sourceCanonical value="http://hl7.org/fhir/us/core/ValueSet/us-core-ndc-vaccine-codes"/>
  <targetCanonical value="http://hl7.org/fhir/us/core/ValueSet/us-core-vaccines-cvx"/>
  <group>
    <element>
      <code value="49281-0589-58"/>
      <target>
        <code value="114"/>
        <equivalence value="wider"/>
      </target>
    </element>
    <element>
      <code value="49281-0623-78"/>
      <target>
        <code value="158"/>
        <equivalence value="wider"/>
      </target>
    </element>
    <element>
      <code value="49281-0515-00"/>
      <target>
        <code value="161"/>
        <equivalence value="wider"/>
      </target>
    </element>
    <element>
      <code value="49281-0415-88"/>
      <target>
        <code value="150"/>
        <equivalence value="wider"/>
      </target>
    </element>
    <element>
      <code value="49281-0415-58"/>
      <target>
        <code value="150"/>
        <equivalence value="wider"/>
      </target>
    </element>
    <element>
      <code value="33332-0115-11"/>
      <target>
        <code value="141"/>
        <equivalence value="wider"/>
      </target>
    </element>
    <element>
      <code value="33332-0015-02"/>
      <target>
        <code value="140"/>
        <equivalence value="wider"/>
      </target>
    </element>
    <element>
      <code value="66019-0302-01"/>
      <target>
        <code value="149"/>
        <equivalence value="wider"/>
      </target>
    </element>
    <element>
      <code value="42874-0015-01"/>
      <target>
        <code value="155"/>
        <equivalence value="wider"/>
      </target>
    </element>
    <element>
      <code value="66521-0118-12"/>
      <target>
        <code value="140"/>
        <equivalence value="wider"/>
      </target>
    </element>
    <element>
      <code value="66521-0118-11"/>
      <target>
        <code value="141"/>
        <equivalence value="wider"/>
      </target>
    </element>
    <element>
      <code value="58160-0883-41"/>
      <target>
        <code value="140"/>
        <equivalence value="wider"/>
      </target>
    </element>
    <element>
      <code value="66521-0000-11"/>
      <target>
        <code value="168"/>
        <equivalence value="wider"/>
      </target>
    </element>
    <element>
      <code value="69401-0000-01"/>
      <target>
        <code value="25"/>
        <equivalence value="wider"/>
      </target>
    </element>
    <element>
      <code value="66019-0301-01"/>
      <target>
        <code value="149"/>
        <equivalence value="wider"/>
      </target>
    </element>
    <element>
      <code value="33332-0014-02"/>
      <target>
        <code value="140"/>
        <equivalence value="wider"/>
      </target>
    </element>
    <element>
      <code value="33332-0114-11"/>
      <target>
        <code value="141"/>
        <equivalence value="wider"/>
      </target>
    </element>
    <element>
      <code value="63851-0613-11"/>
      <target>
        <code value="153"/>
        <equivalence value="wider"/>
      </target>
    </element>
    <element>
      <code value="66521-0117-11"/>
      <target>
        <code value="141"/>
        <equivalence value="wider"/>
      </target>
    </element>
    <element>
      <code value="66521-0117-12"/>
      <target>
        <code value="140"/>
        <equivalence value="wider"/>
      </target>
    </element>
    <element>
      <code value="00006-4093-01"/>
      <target>
        <code value="8"/>
        <equivalence value="wider"/>
      </target>
    </element>
    <element>
      <code value="00006-4094-01"/>
      <target>
        <code value="43"/>
        <equivalence value="wider"/>
      </target>
    </element>
    <element>
      <code value="00006-4095-01"/>
      <target>
        <code value="83"/>
        <equivalence value="wider"/>
      </target>
    </element>
    <element>
      <code value="00006-4096-01"/>
      <target>
        <code value="52"/>
        <equivalence value="wider"/>
      </target>
    </element>
    <element>
      <code value="00006-4963-01"/>
      <target>
        <code value="121"/>
        <equivalence value="wider"/>
      </target>
    </element>
    <element>
      <code value="00006-4963-01"/>
      <target>
        <code value="121"/>
        <equivalence value="wider"/>
      </target>
    </element>
    <element>
      <code value="42874-0014-01"/>
      <target>
        <code value="155"/>
        <equivalence value="wider"/>
      </target>
    </element>
    <element>
      <code value="49281-0414-88"/>
      <target>
        <code value="150"/>
        <equivalence value="wider"/>
      </target>
    </element>
    <element>
      <code value="49281-0395-88"/>
      <target>
        <code value="135"/>
        <equivalence value="wider"/>
      </target>
    </element>
    <element>
      <code value="49281-0709-48"/>
      <target>
        <code value="144"/>
        <equivalence value="wider"/>
      </target>
    </element>
    <element>
      <code value="58160-0881-41"/>
      <target>
        <code value="140"/>
        <equivalence value="wider"/>
      </target>
    </element>
    <element>
      <code value="58160-0809-01"/>
      <target>
        <code value="148"/>
        <equivalence value="wider"/>
      </target>
    </element>
    <element>
      <code value="62577-0613-11"/>
      <target>
        <code value="153"/>
        <equivalence value="wider"/>
      </target>
    </element>
    <element>
      <code value="19515-0893-02"/>
      <target>
        <code value="141"/>
        <equivalence value="wider"/>
      </target>
    </element>
    <element>
      <code value="49281-0621-78"/>
      <target>
        <code value="158"/>
        <equivalence value="wider"/>
      </target>
    </element>
    <element>
      <code value="00005-0100-01"/>
      <target>
        <code value="162"/>
        <equivalence value="wider"/>
      </target>
    </element>
    <element>
      <code value="00005-0100-01"/>
      <target>
        <code value="162"/>
        <equivalence value="wider"/>
      </target>
    </element>
    <element>
      <code value="00005-0100-01"/>
      <target>
        <code value="162"/>
        <equivalence value="wider"/>
      </target>
    </element>
    <element>
      <code value="00006-4047-01"/>
      <target>
        <code value="116"/>
        <equivalence value="wider"/>
      </target>
    </element>
    <element>
      <code value="00006-4109-01"/>
      <target>
        <code value="62"/>
        <equivalence value="wider"/>
      </target>
    </element>
    <element>
      <code value="62577-0613-11"/>
      <target>
        <code value="153"/>
        <equivalence value="wider"/>
      </target>
    </element>
    <element>
      <code value="00006-4121-01"/>
      <target>
        <code value="165"/>
        <equivalence value="wider"/>
      </target>
    </element>
    <element>
      <code value="00006-4119-01"/>
      <target>
        <code value="165"/>
        <equivalence value="wider"/>
      </target>
    </element>
    <element>
      <code value="00006-4119-01"/>
      <target>
        <code value="165"/>
        <equivalence value="wider"/>
      </target>
    </element>
    <element>
      <code value="63851-0511-11"/>
      <target>
        <code value="18"/>
        <equivalence value="wider"/>
      </target>
    </element>
    <element>
      <code value="49281-0562-58"/>
      <target>
        <code value="130"/>
        <equivalence value="wider"/>
      </target>
    </element>
    <element>
      <code value="46028-0114-11"/>
      <target>
        <code value="163"/>
        <equivalence value="wider"/>
      </target>
    </element>
    <element>
      <code value="46028-0114-11"/>
      <target>
        <code value="163"/>
        <equivalence value="wider"/>
      </target>
    </element>
    <element>
      <code value="00006-4171-01"/>
      <target>
        <code value="94"/>
        <equivalence value="wider"/>
      </target>
    </element>
    <element>
      <code value="13533-0131-00"/>
      <target>
        <code value="9"/>
        <equivalence value="wider"/>
      </target>
    </element>
    <element>
      <code value="49281-0396-78"/>
      <target>
        <code value="141"/>
        <equivalence value="wider"/>
      </target>
    </element>
    <element>
      <code value="49281-0397-88"/>
      <target>
        <code value="135"/>
        <equivalence value="wider"/>
      </target>
    </element>
    <element>
      <code value="62577-0614-11"/>
      <target>
        <code value="153"/>
        <equivalence value="wider"/>
      </target>
    </element>
    <element>
      <code value="58160-0903-41"/>
      <target>
        <code value="150"/>
        <equivalence value="wider"/>
      </target>
    </element>
    <element>
      <code value="19515-0898-01"/>
      <target>
        <code value="158"/>
        <equivalence value="wider"/>
      </target>
    </element>
    <element>
      <code value="19515-0901-41"/>
      <target>
        <code value="150"/>
        <equivalence value="wider"/>
      </target>
    </element>
    <element>
      <code value="49281-0393-88"/>
      <target>
        <code value="135"/>
        <equivalence value="wider"/>
      </target>
    </element>
    <element>
      <code value="58160-0810-43"/>
      <target>
        <code value="20"/>
        <equivalence value="wider"/>
      </target>
    </element>
    <element>
      <code value="58160-0810-01"/>
      <target>
        <code value="20"/>
        <equivalence value="wider"/>
      </target>
    </element>
    <element>
      <code value="49281-0790-38"/>
      <target>
        <code value="101"/>
        <equivalence value="wider"/>
      </target>
    </element>
    <element>
      <code value="49281-0790-88"/>
      <target>
        <code value="101"/>
        <equivalence value="wider"/>
      </target>
    </element>
    <element>
      <code value="49281-0640-15"/>
      <target>
        <code value="127"/>
        <equivalence value="wider"/>
      </target>
    </element>
    <element>
      <code value="49281-0650-10"/>
      <target>
        <code value="126"/>
        <equivalence value="wider"/>
      </target>
    </element>
    <element>
      <code value="49281-0650-90"/>
      <target>
        <code value="126"/>
        <equivalence value="wider"/>
      </target>
    </element>
    <element>
      <code value="49281-0650-25"/>
      <target>
        <code value="126"/>
        <equivalence value="wider"/>
      </target>
    </element>
    <element>
      <code value="49281-0650-70"/>
      <target>
        <code value="126"/>
        <equivalence value="wider"/>
      </target>
    </element>
    <element>
      <code value="49281-0650-50"/>
      <target>
        <code value="126"/>
        <equivalence value="wider"/>
      </target>
    </element>
    <element>
      <code value="49281-0707-48"/>
      <target>
        <code value="144"/>
        <equivalence value="wider"/>
      </target>
    </element>
    <element>
      <code value="66019-0110-01"/>
      <target>
        <code value="111"/>
        <equivalence value="wider"/>
      </target>
    </element>
    <element>
      <code value="00006-4681-01"/>
      <target>
        <code value="3"/>
        <equivalence value="wider"/>
      </target>
    </element>
    <element>
      <code value="49281-0215-58"/>
      <target>
        <code value="113"/>
        <equivalence value="wider"/>
      </target>
    </element>
    <element>
      <code value="49281-0215-88"/>
      <target>
        <code value="113"/>
        <equivalence value="wider"/>
      </target>
    </element>
    <element>
      <code value="46028-0218-11"/>
      <target>
        <code value="136"/>
        <equivalence value="wider"/>
      </target>
    </element>
    <element>
      <code value="49281-0387-65"/>
      <target>
        <code value="135"/>
        <equivalence value="wider"/>
      </target>
    </element>
    <element>
      <code value="49281-0386-15"/>
      <target>
        <code value="141"/>
        <equivalence value="wider"/>
      </target>
    </element>
    <element>
      <code value="49281-0010-10"/>
      <target>
        <code value="140"/>
        <equivalence value="wider"/>
      </target>
    </element>
    <element>
      <code value="49281-0010-25"/>
      <target>
        <code value="140"/>
        <equivalence value="wider"/>
      </target>
    </element>
    <element>
      <code value="49281-0010-50"/>
      <target>
        <code value="140"/>
        <equivalence value="wider"/>
      </target>
    </element>
    <element>
      <code value="54868-0980-00"/>
      <target>
        <code value="3"/>
        <equivalence value="wider"/>
      </target>
    </element>
    <element>
      <code value="58160-0830-43"/>
      <target>
        <code value="118"/>
        <equivalence value="wider"/>
      </target>
    </element>
    <element>
      <code value="58160-0830-05"/>
      <target>
        <code value="118"/>
        <equivalence value="wider"/>
      </target>
    </element>
    <element>
      <code value="00005-1971-01"/>
      <target>
        <code value="133"/>
        <equivalence value="wider"/>
      </target>
    </element>
    <element>
      <code value="00005-1971-01"/>
      <target>
        <code value="133"/>
        <equivalence value="wider"/>
      </target>
    </element>
    <element>
      <code value="00005-1971-01"/>
      <target>
        <code value="133"/>
        <equivalence value="wider"/>
      </target>
    </element>
    <element>
      <code value="17478-0131-00"/>
      <target>
        <code value="9"/>
        <equivalence value="wider"/>
      </target>
    </element>
    <element>
      <code value="58160-0812-43"/>
      <target>
        <code value="130"/>
        <equivalence value="wider"/>
      </target>
    </element>
    <element>
      <code value="58160-0812-01"/>
      <target>
        <code value="130"/>
        <equivalence value="wider"/>
      </target>
    </element>
    <element>
      <code value="66019-0108-01"/>
      <target>
        <code value="111"/>
        <equivalence value="wider"/>
      </target>
    </element>
    <element>
      <code value="00006-4898-01"/>
      <target>
        <code value="51"/>
        <equivalence value="wider"/>
      </target>
    </element>
    <element>
      <code value="58160-0809-01"/>
      <target>
        <code value="148"/>
        <equivalence value="wider"/>
      </target>
    </element>
    <element>
      <code value="63851-0612-11"/>
      <target>
        <code value="153"/>
        <equivalence value="wider"/>
      </target>
    </element>
    <element>
      <code value="00006-4992-01"/>
      <target>
        <code value="44"/>
        <equivalence value="wider"/>
      </target>
    </element>
    <element>
      <code value="00006-4981-01"/>
      <target>
        <code value="8"/>
        <equivalence value="wider"/>
      </target>
    </element>
    <element>
      <code value="00006-4980-00"/>
      <target>
        <code value="8"/>
        <equivalence value="wider"/>
      </target>
    </element>
    <element>
      <code value="00006-4093-01"/>
      <target>
        <code value="8"/>
        <equivalence value="wider"/>
      </target>
    </element>
    <element>
      <code value="00006-4094-01"/>
      <target>
        <code value="43"/>
        <equivalence value="wider"/>
      </target>
    </element>
    <element>
      <code value="00006-4109-01"/>
      <target>
        <code value="62"/>
        <equivalence value="wider"/>
      </target>
    </element>
    <element>
      <code value="66521-0112-02"/>
      <target>
        <code value="140"/>
        <equivalence value="wider"/>
      </target>
    </element>
    <element>
      <code value="66521-0112-10"/>
      <target>
        <code value="141"/>
        <equivalence value="wider"/>
      </target>
    </element>
    <element>
      <code value="66019-0107-01"/>
      <target>
        <code value="111"/>
        <equivalence value="wider"/>
      </target>
    </element>
    <element>
      <code value="49281-0225-58"/>
      <target>
        <code value="28"/>
        <equivalence value="wider"/>
      </target>
    </element>
    <element>
      <code value="49281-0705-55"/>
      <target>
        <code value="144"/>
        <equivalence value="wider"/>
      </target>
    </element>
    <element>
      <code value="42515-0001-00"/>
      <target>
        <code value="134"/>
        <equivalence value="wider"/>
      </target>
    </element>
    <element>
      <code value="58160-0879-41"/>
      <target>
        <code value="140"/>
        <equivalence value="wider"/>
      </target>
    </element>
    <element>
      <code value="58160-0880-41"/>
      <target>
        <code value="140"/>
        <equivalence value="wider"/>
      </target>
    </element>
    <element>
      <code value="58160-0820-01"/>
      <target>
        <code value="8"/>
        <equivalence value="wider"/>
      </target>
    </element>
    <element>
      <code value="58160-0820-43"/>
      <target>
        <code value="8"/>
        <equivalence value="wider"/>
      </target>
    </element>
    <element>
      <code value="58160-0821-01"/>
      <target>
        <code value="43"/>
        <equivalence value="wider"/>
      </target>
    </element>
    <element>
      <code value="58160-0821-43"/>
      <target>
        <code value="43"/>
        <equivalence value="wider"/>
      </target>
    </element>
    <element>
      <code value="58160-0821-05"/>
      <target>
        <code value="43"/>
        <equivalence value="wider"/>
      </target>
    </element>
    <element>
      <code value="42874-0012-01"/>
      <target>
        <code value="155"/>
        <equivalence value="wider"/>
      </target>
    </element>
    <element>
      <code value="49281-0278-10"/>
      <target>
        <code value="28"/>
        <equivalence value="wider"/>
      </target>
    </element>
    <element>
      <code value="66019-0109-01"/>
      <target>
        <code value="111"/>
        <equivalence value="wider"/>
      </target>
    </element>
    <element>
      <code value="19515-0890-02"/>
      <target>
        <code value="141"/>
        <equivalence value="wider"/>
      </target>
    </element>
    <element>
      <code value="19515-0889-02"/>
      <target>
        <code value="141"/>
        <equivalence value="wider"/>
      </target>
    </element>
    <element>
      <code value="58160-0900-41"/>
      <target>
        <code value="150"/>
        <equivalence value="wider"/>
      </target>
    </element>
    <element>
      <code value="49281-0860-78"/>
      <target>
        <code value="10"/>
        <equivalence value="wider"/>
      </target>
    </element>
    <element>
      <code value="49281-0860-88"/>
      <target>
        <code value="10"/>
        <equivalence value="wider"/>
      </target>
    </element>
    <element>
      <code value="49281-0389-65"/>
      <target>
        <code value="135"/>
        <equivalence value="wider"/>
      </target>
    </element>
    <element>
      <code value="49281-0388-15"/>
      <target>
        <code value="141"/>
        <equivalence value="wider"/>
      </target>
    </element>
    <element>
      <code value="49281-0011-10"/>
      <target>
        <code value="140"/>
        <equivalence value="wider"/>
      </target>
    </element>
    <element>
      <code value="49281-0011-50"/>
      <target>
        <code value="140"/>
        <equivalence value="wider"/>
      </target>
    </element>
    <element>
      <code value="49281-0703-55"/>
      <target>
        <code value="144"/>
        <equivalence value="wider"/>
      </target>
    </element>
    <element>
      <code value="49281-0111-25"/>
      <target>
        <code value="140"/>
        <equivalence value="wider"/>
      </target>
    </element>
    <element>
      <code value="66521-0200-10"/>
      <target>
        <code value="126"/>
        <equivalence value="wider"/>
      </target>
    </element>
    <element>
      <code value="66521-0200-02"/>
      <target>
        <code value="127"/>
        <equivalence value="wider"/>
      </target>
    </element>
    <element>
      <code value="49281-0298-10"/>
      <target>
        <code value="20"/>
        <equivalence value="wider"/>
      </target>
    </element>
    <element>
      <code value="58160-0806-01"/>
      <target>
        <code value="48"/>
        <equivalence value="wider"/>
      </target>
    </element>
    <element>
      <code value="33332-0013-02"/>
      <target>
        <code value="140"/>
        <equivalence value="wider"/>
      </target>
    </element>
    <element>
      <code value="33332-0113-11"/>
      <target>
        <code value="141"/>
        <equivalence value="wider"/>
      </target>
    </element>
    <element>
      <code value="49281-0391-65"/>
      <target>
        <code value="135"/>
        <equivalence value="wider"/>
      </target>
    </element>
    <element>
      <code value="49281-0012-50"/>
      <target>
        <code value="140"/>
        <equivalence value="wider"/>
      </target>
    </element>
    <element>
      <code value="49281-0012-10"/>
      <target>
        <code value="140"/>
        <equivalence value="wider"/>
      </target>
    </element>
    <element>
      <code value="49281-0112-25"/>
      <target>
        <code value="140"/>
        <equivalence value="wider"/>
      </target>
    </element>
    <element>
      <code value="49281-0390-15"/>
      <target>
        <code value="141"/>
        <equivalence value="wider"/>
      </target>
    </element>
    <element>
      <code value="00006-4897-01"/>
      <target>
        <code value="49"/>
        <equivalence value="wider"/>
      </target>
    </element>
    <element>
      <code value="49281-0291-83"/>
      <target>
        <code value="113"/>
        <equivalence value="wider"/>
      </target>
    </element>
    <element>
      <code value="49281-0291-10"/>
      <target>
        <code value="113"/>
        <equivalence value="wider"/>
      </target>
    </element>
    <element>
      <code value="49281-0413-88"/>
      <target>
        <code value="150"/>
        <equivalence value="wider"/>
      </target>
    </element>
    <element>
      <code value="49281-0413-58"/>
      <target>
        <code value="150"/>
        <equivalence value="wider"/>
      </target>
    </element>
    <element>
      <code value="49281-0513-00"/>
      <target>
        <code value="161"/>
        <equivalence value="wider"/>
      </target>
    </element>
    <element>
      <code value="66521-0113-02"/>
      <target>
        <code value="140"/>
        <equivalence value="wider"/>
      </target>
    </element>
    <element>
      <code value="66521-0113-10"/>
      <target>
        <code value="141"/>
        <equivalence value="wider"/>
      </target>
    </element>
    <element>
      <code value="00005-1970-49"/>
      <target>
        <code value="100"/>
        <equivalence value="wider"/>
      </target>
    </element>
    <element>
      <code value="00006-4047-01"/>
      <target>
        <code value="116"/>
        <equivalence value="wider"/>
      </target>
    </element>
    <element>
      <code value="58160-0811-43"/>
      <target>
        <code value="110"/>
        <equivalence value="wider"/>
      </target>
    </element>
    <element>
      <code value="58160-0811-41"/>
      <target>
        <code value="110"/>
        <equivalence value="wider"/>
      </target>
    </element>
    <element>
      <code value="00006-4827-01"/>
      <target>
        <code value="21"/>
        <equivalence value="wider"/>
      </target>
    </element>
    <element>
      <code value="00006-4826-01"/>
      <target>
        <code value="21"/>
        <equivalence value="wider"/>
      </target>
    </element>
    <element>
      <code value="58160-0842-41"/>
      <target>
        <code value="115"/>
        <equivalence value="wider"/>
      </target>
    </element>
    <element>
      <code value="58160-0842-01"/>
      <target>
        <code value="115"/>
        <equivalence value="wider"/>
      </target>
    </element>
    <element>
      <code value="58160-0842-43"/>
      <target>
        <code value="115"/>
        <equivalence value="wider"/>
      </target>
    </element>
    <element>
      <code value="58160-0842-05"/>
      <target>
        <code value="115"/>
        <equivalence value="wider"/>
      </target>
    </element>
    <element>
      <code value="66019-0300-01"/>
      <target>
        <code value="149"/>
        <equivalence value="wider"/>
      </target>
    </element>
    <element>
      <code value="49281-0589-58"/>
      <target>
        <code value="114"/>
        <equivalence value="wider"/>
      </target>
    </element>
    <element>
      <code value="00006-4095-01"/>
      <target>
        <code value="83"/>
        <equivalence value="wider"/>
      </target>
    </element>
    <element>
      <code value="00006-4096-01"/>
      <target>
        <code value="52"/>
        <equivalence value="wider"/>
      </target>
    </element>
    <element>
      <code value="00006-4831-01"/>
      <target>
        <code value="83"/>
        <equivalence value="wider"/>
      </target>
    </element>
    <element>
      <code value="63851-0511-11"/>
      <target>
        <code value="18"/>
        <equivalence value="wider"/>
      </target>
    </element>
    <element>
      <code value="66019-0200-01"/>
      <target>
        <code value="125"/>
        <equivalence value="wider"/>
      </target>
    </element>
    <element>
      <code value="14362-0111-03"/>
      <target>
        <code value="9"/>
        <equivalence value="wider"/>
      </target>
    </element>
    <element>
      <code value="33332-0519-01"/>
      <target>
        <code value="126"/>
        <equivalence value="wider"/>
      </target>
    </element>
    <element>
      <code value="33332-0519-25"/>
      <target>
        <code value="126"/>
        <equivalence value="wider"/>
      </target>
    </element>
    <element>
      <code value="33332-0629-10"/>
      <target>
        <code value="127"/>
        <equivalence value="wider"/>
      </target>
    </element>
    <element>
      <code value="58160-0825-43"/>
      <target>
        <code value="83"/>
        <equivalence value="wider"/>
      </target>
    </element>
    <element>
      <code value="58160-0825-01"/>
      <target>
        <code value="83"/>
        <equivalence value="wider"/>
      </target>
    </element>
    <element>
      <code value="58160-0826-43"/>
      <target>
        <code value="52"/>
        <equivalence value="wider"/>
      </target>
    </element>
    <element>
      <code value="58160-0826-05"/>
      <target>
        <code value="52"/>
        <equivalence value="wider"/>
      </target>
    </element>
    <element>
      <code value="58160-0826-01"/>
      <target>
        <code value="52"/>
        <equivalence value="wider"/>
      </target>
    </element>
    <element>
      <code value="33332-0010-01"/>
      <target>
        <code value="140"/>
        <equivalence value="wider"/>
      </target>
    </element>
    <element>
      <code value="33332-0110-10"/>
      <target>
        <code value="141"/>
        <equivalence value="wider"/>
      </target>
    </element>
    <element>
      <code value="66521-0115-10"/>
      <target>
        <code value="141"/>
        <equivalence value="wider"/>
      </target>
    </element>
    <element>
      <code value="66521-0115-02"/>
      <target>
        <code value="140"/>
        <equivalence value="wider"/>
      </target>
    </element>
    <element>
      <code value="00006-4133-01"/>
      <target>
        <code value="9"/>
        <equivalence value="wider"/>
      </target>
    </element>
    <element>
      <code value="54868-4320-09"/>
      <target>
        <code value="33"/>
        <equivalence value="wider"/>
      </target>
    </element>
    <element>
      <code value="54868-3339-09"/>
      <target>
        <code value="33"/>
        <equivalence value="wider"/>
      </target>
    </element>
    <element>
      <code value="00052-0603-01"/>
      <target>
        <code value="19"/>
        <equivalence value="wider"/>
      </target>
    </element>
    <element>
      <code value="64678-0211-05"/>
      <target>
        <code value="24"/>
        <equivalence value="wider"/>
      </target>
    </element>
    <element>
      <code value="00006-4739-01"/>
      <target>
        <code value="33"/>
        <equivalence value="wider"/>
      </target>
    </element>
    <element>
      <code value="00006-4943-01"/>
      <target>
        <code value="33"/>
        <equivalence value="wider"/>
      </target>
    </element>
    <element>
      <code value="49281-0013-58"/>
      <target>
        <code value="140"/>
        <equivalence value="wider"/>
      </target>
    </element>
    <element>
      <code value="49281-0013-88"/>
      <target>
        <code value="140"/>
        <equivalence value="wider"/>
      </target>
    </element>
    <element>
      <code value="49281-0392-78"/>
      <target>
        <code value="141"/>
        <equivalence value="wider"/>
      </target>
    </element>
    <element>
      <code value="49281-0113-00"/>
      <target>
        <code value="140"/>
        <equivalence value="wider"/>
      </target>
    </element>
    <element>
      <code value="49281-0820-10"/>
      <target>
        <code value="35"/>
        <equivalence value="wider"/>
      </target>
    </element>
    <element>
      <code value="49281-0800-83"/>
      <target>
        <code value="35"/>
        <equivalence value="wider"/>
      </target>
    </element>
    <element>
      <code value="49281-0400-88"/>
      <target>
        <code value="115"/>
        <equivalence value="wider"/>
      </target>
    </element>
    <element>
      <code value="49281-0286-58"/>
      <target>
        <code value="106"/>
        <equivalence value="wider"/>
      </target>
    </element>
    <element>
      <code value="49281-0286-58"/>
      <target>
        <code value="106"/>
        <equivalence value="wider"/>
      </target>
    </element>
    <element>
      <code value="49281-0286-58"/>
      <target>
        <code value="106"/>
        <equivalence value="wider"/>
      </target>
    </element>
    <element>
      <code value="58160-0815-41"/>
      <target>
        <code value="104"/>
        <equivalence value="wider"/>
      </target>
    </element>
    <element>
      <code value="58160-0815-43"/>
      <target>
        <code value="104"/>
        <equivalence value="wider"/>
      </target>
    </element>
    <element>
      <code value="58160-0815-05"/>
      <target>
        <code value="104"/>
        <equivalence value="wider"/>
      </target>
    </element>
    <element>
      <code value="58160-0815-43"/>
      <target>
        <code value="104"/>
        <equivalence value="wider"/>
      </target>
    </element>
    <element>
      <code value="58160-0815-01"/>
      <target>
        <code value="104"/>
        <equivalence value="wider"/>
      </target>
    </element>
    <element>
      <code value="66521-0114-10"/>
      <target>
        <code value="141"/>
        <equivalence value="wider"/>
      </target>
    </element>
    <element>
      <code value="76420-0482-01"/>
      <target>
        <code value="140"/>
        <equivalence value="wider"/>
      </target>
    </element>
    <element>
      <code value="19515-0895-01"/>
      <target>
        <code value="158"/>
        <equivalence value="wider"/>
      </target>
    </element>
    <element>
      <code value="00006-4999-01"/>
      <target>
        <code value="94"/>
        <equivalence value="wider"/>
      </target>
    </element>
    <element>
      <code value="49281-0545-15"/>
      <target>
        <code value="120"/>
        <equivalence value="wider"/>
      </target>
    </element>
    <element>
      <code value="51285-0174-02"/>
      <target>
        <code value="143"/>
        <equivalence value="wider"/>
      </target>
    </element>
    <element>
      <code value="49281-0248-58"/>
      <target>
        <code value="18"/>
        <equivalence value="wider"/>
      </target>
    </element>
    <element>
      <code value="49281-0487-58"/>
      <target>
        <code value="32"/>
        <equivalence value="wider"/>
      </target>
    </element>
    <element>
      <code value="49281-0915-58"/>
      <target>
        <code value="37"/>
        <equivalence value="wider"/>
      </target>
    </element>
    <element>
      <code value="49281-0547-58"/>
      <target>
        <code value="48"/>
        <equivalence value="wider"/>
      </target>
    </element>
    <element>
      <code value="58160-0851-01"/>
      <target>
        <code value="119"/>
        <equivalence value="wider"/>
      </target>
    </element>
    <element>
      <code value="49281-0915-68"/>
      <target>
        <code value="37"/>
        <equivalence value="wider"/>
      </target>
    </element>
    <element>
      <code value="49281-0488-78"/>
      <target>
        <code value="32"/>
        <equivalence value="wider"/>
      </target>
    </element>
    <element>
      <code value="46028-0219-11"/>
      <target>
        <code value="136"/>
        <equivalence value="wider"/>
      </target>
    </element>
    <element>
      <code value="51285-0175-02"/>
      <target>
        <code value="143"/>
        <equivalence value="wider"/>
      </target>
    </element>
    <element>
      <code value="49281-0560-05"/>
      <target>
        <code value="120"/>
        <equivalence value="wider"/>
      </target>
    </element>
    <element>
      <code value="49281-0400-58"/>
      <target>
        <code value="115"/>
        <equivalence value="wider"/>
      </target>
    </element>
    <element>
      <code value="49281-0400-58"/>
      <target>
        <code value="115"/>
        <equivalence value="wider"/>
      </target>
    </element>
    <element>
      <code value="42874-0013-01"/>
      <target>
        <code value="155"/>
        <equivalence value="wider"/>
      </target>
    </element>
    <element>
      <code value="66521-0116-11"/>
      <target>
        <code value="141"/>
        <equivalence value="wider"/>
      </target>
    </element>
    <element>
      <code value="66521-0116-12"/>
      <target>
        <code value="140"/>
        <equivalence value="wider"/>
      </target>
    </element>
    <element>
      <code value="00006-4045-01"/>
      <target>
        <code value="62"/>
        <equivalence value="wider"/>
      </target>
    </element>
    <element>
      <code value="00006-4045-01"/>
      <target>
        <code value="62"/>
        <equivalence value="wider"/>
      </target>
    </element>
    <element>
      <code value="00006-4995-01"/>
      <target>
        <code value="43"/>
        <equivalence value="wider"/>
      </target>
    </element>
    <element>
      <code value="00006-4995-01"/>
      <target>
        <code value="43"/>
        <equivalence value="wider"/>
      </target>
    </element>
    <element>
      <code value="00006-4841-01"/>
      <target>
        <code value="52"/>
        <equivalence value="wider"/>
      </target>
    </element>
    <element>
      <code value="00006-4841-01"/>
      <target>
        <code value="52"/>
        <equivalence value="wider"/>
      </target>
    </element>
    <element>
      <code value="58160-0804-01"/>
      <target>
        <code value="160"/>
        <equivalence value="wider"/>
      </target>
    </element>
    <element>
      <code value="58160-0802-02"/>
      <target>
        <code value="160"/>
        <equivalence value="wider"/>
      </target>
    </element>
    <element>
      <code value="58160-0901-41"/>
      <target>
        <code value="150"/>
        <equivalence value="wider"/>
      </target>
    </element>
    <element>
      <code value="00006-4837-01"/>
      <target>
        <code value="33"/>
        <equivalence value="wider"/>
      </target>
    </element>
    <element>
      <code value="19515-0891-01"/>
      <target>
        <code value="158"/>
        <equivalence value="wider"/>
      </target>
    </element>
    <element>
      <code value="19515-0893-02"/>
      <target>
        <code value="141"/>
        <equivalence value="wider"/>
      </target>
    </element>
    <element>
      <code value="19515-0894-41"/>
      <target>
        <code value="150"/>
        <equivalence value="wider"/>
      </target>
    </element>
    <element>
      <code value="49281-0514-00"/>
      <target>
        <code value="161"/>
        <equivalence value="wider"/>
      </target>
    </element>
    <element>
      <code value="49281-0394-78"/>
      <target>
        <code value="141"/>
        <equivalence value="wider"/>
      </target>
    </element>
    <element>
      <code value="49281-0014-88"/>
      <target>
        <code value="140"/>
        <equivalence value="wider"/>
      </target>
    </element>
    <element>
      <code value="49281-0414-58"/>
      <target>
        <code value="150"/>
        <equivalence value="wider"/>
      </target>
    </element>
  </group>
</ConceptMap>