<?xml version="1.0" encoding="UTF-8"?>

<ImplementationGuide xmlns="http://hl7.org/fhir">
  <id value="hl7.fhir.us.core.r4validator-0.0.0"/>
  <text>
    <status value="generated"/><div xmlns="http://www.w3.org/1999/xhtml"><h2>USCoreR4Validator</h2><p>The official URL for this implementation guide is: </p><pre>http://hl7.org/fhir/us/core/ImplementationGuide/hl7.fhir.us.core.r4validator-0.0.0</pre></div>
  </text>
  <url value="http://hl7.org/fhir/us/core/ImplementationGuide/hl7.fhir.us.core.r4validator-0.0.0"/>
  <version value="0.0.0"/>
  <name value="USCoreR4Validator"/>
  <title value="US Core R4 Validator"/>
  <status value="active"/>
  <publisher value="Health eData Inc"/>
  <contact>
    <telecom>
      <system value="url"/>
      <value value="http: mailtto:ehaas@healthedatainc.com"/>
    </telecom>
  </contact>
  <copyright value="Used by permission of Health eData Inc, all rights reserved Creative Commons License"/>
  <packageId value="hl7.fhir.us.core.r4validator"/>
  <license value="CC0-1.0"/>
  <fhirVersion value="4.0.0"/>
  <definition>
    <grouping>
      <name value="base"/>
    </grouping>
    <grouping id="medicationrequest-us-core-profile-spreadsheet.xml">
      <name value="USCoreMedicationRequestProfile"/>
    </grouping>
    <grouping id="goal-us-core-profile-spreadsheet.xml">
      <name value="USCoreGoalProfile"/>
    </grouping>
    <grouping id="observation-us-core-pediatric-weight-for-height-spreadsheet.xml">
      <name value="USCorePediatricWeightForHeightObservationProfile"/>
    </grouping>
    <grouping id="condition-us-core-profile-spreadsheet.xml">
      <name value="USCoreCondition"/>
    </grouping>
    <grouping id="organization-us-core-profile-spreadsheet.xml">
      <name value="USCoreOrganizationProfile"/>
    </grouping>
    <grouping id="observation-us-core-smokingstatus-profile-spreadsheet.xml">
      <name value="USCoreSmokingStatusProfile"/>
    </grouping>
    <grouping id="careplan-us-core-profile-spreadsheet.xml">
      <name value="USCoreCarePlanProfile"/>
    </grouping>
    <grouping id="careteam-us-core-profile-spreadsheet.xml">
      <name value="USCoreCareTeam"/>
    </grouping>
    <grouping id="device-us-core-profile-spreadsheet.xml">
      <name value="USCoreDeviceProfile"/>
    </grouping>
    <grouping id="documentreference-us-core-profile-spreadsheet.xml">
      <name value="USCoreDocumentReferenceProfile"/>
    </grouping>
    <grouping id="medication-us-core-profile-spreadsheet.xml">
      <name value="USCoreMedicationProfile"/>
    </grouping>
    <grouping id="procedure-us-core-profile-spreadsheet.xml">
      <name value="USCoreProcedureProfile"/>
    </grouping>
    <grouping id="location-us-core-profile-spreadsheet.xml">
      <name value="USCoreLocation"/>
    </grouping>
    <grouping id="medicationstatement-us-core-profile-spreadsheet.xml">
      <name value="USCoreMedicationStatementProfile"/>
    </grouping>
    <grouping id="patient-us-core-profile-spreadsheet.xml">
      <name value="USCorePatientProfile"/>
    </grouping>
    <grouping id="encounter-us-core-profile-spreadsheet.xml">
      <name value="/Users/ehaas/Documents/FHIR/USCoreR4Validator/source/resources/encounter-us-core-profile-spreadsheet"/>
    </grouping>
    <grouping id="practitioner-us-core-profile-spreadsheet.xml">
      <name value="USCorePractitionerProfile"/>
    </grouping>
    <grouping id="allergyintolerance-us-core-profile-spreadsheet.xml">
      <name value="USCoreAllergyIntolerance"/>
    </grouping>
    <grouping id="observation-us-core-pediatric-bmi-for age-spreadsheet.xml">
      <name value="USCorePediatricBMIforAgeObservationProfile"/>
    </grouping>
    <grouping id="us-core-observation-lab-profile-spreadsheet.xml">
      <name value="USCoreLaboratoryResultObservationProfile"/>
    </grouping>
    <grouping id="practitionerrole-us-core-profile-spreadsheet.xml">
      <name value="/Users/ehaas/Documents/FHIR/USCoreR4Validator/source/resources/practitionerrole-us-core-profile-spreadsheet"/>
    </grouping>
    <grouping id="immunization-us-core-profile-spreadsheet.xml">
      <name value="USCoreImmunizationProfile"/>
    </grouping>
    <resource>
      <extension url="http://hl7.org/fhir/StructureDefinition/implementationguide-page">
        <valueUri value="Practitioner-e7D.u41Zv3VPrLmUp-mWnrQ3.html"/>
      </extension>
      <reference>
        <reference value="Practitioner/e7D.u41Zv3VPrLmUp-mWnrQ3"/>
      </reference>
      <exampleBoolean value="true"/>
    </resource>
    <resource>
      <extension url="http://hl7.org/fhir/StructureDefinition/implementationguide-page">
        <valueUri value="Encounter-ehoN2kZnYuW5z0Di4Kkno5w3.html"/>
      </extension>
      <reference>
        <reference value="Encounter/ehoN2kZnYuW5z0Di4Kkno5w3"/>
      </reference>
      <exampleBoolean value="true"/>
    </resource>
    <resource>
      <extension url="http://hl7.org/fhir/StructureDefinition/implementationguide-page">
        <valueUri value="AllergyIntolerance-eyHIVsZwhzaZhX9XvFesx5A3.html"/>
      </extension>
      <reference>
        <reference value="AllergyIntolerance/eyHIVsZwhzaZhX9XvFesx5A3"/>
      </reference>
      <exampleBoolean value="true"/>
    </resource>
    <resource>
      <extension url="http://hl7.org/fhir/StructureDefinition/implementationguide-page">
        <valueUri value="Encounter-eiSX3g2gt4tJIs7-6h7nJjA3.html"/>
      </extension>
      <reference>
        <reference value="Encounter/eiSX3g2gt4tJIs7-6h7nJjA3"/>
      </reference>
      <exampleBoolean value="true"/>
    </resource>
    <resource>
      <extension url="http://hl7.org/fhir/StructureDefinition/implementationguide-page">
        <valueUri value="Encounter-ejPvGuBUqYJkCweOPRabvYg3.html"/>
      </extension>
      <reference>
        <reference value="Encounter/ejPvGuBUqYJkCweOPRabvYg3"/>
      </reference>
      <exampleBoolean value="true"/>
    </resource>
    <resource>
      <extension url="http://hl7.org/fhir/StructureDefinition/implementationguide-page">
        <valueUri value="Encounter-e1Jw-ETrL1kZAPiXl3uSMWw3.html"/>
      </extension>
      <reference>
        <reference value="Encounter/e1Jw-ETrL1kZAPiXl3uSMWw3"/>
      </reference>
      <exampleBoolean value="true"/>
    </resource>
    <resource>
      <extension url="http://hl7.org/fhir/StructureDefinition/implementationguide-page">
        <valueUri value="Encounter-eZAjx5sRd6AgpTlKjDh4b5w3.html"/>
      </extension>
      <reference>
        <reference value="Encounter/eZAjx5sRd6AgpTlKjDh4b5w3"/>
      </reference>
      <exampleBoolean value="true"/>
    </resource>
    <resource>
      <extension url="http://hl7.org/fhir/StructureDefinition/implementationguide-page">
        <valueUri value="Patient-eroCd17NbCffM3E3WXi7eOQ3.html"/>
      </extension>
      <reference>
        <reference value="Patient/eroCd17NbCffM3E3WXi7eOQ3"/>
      </reference>
      <exampleBoolean value="true"/>
    </resource>
    <resource>
      <extension url="http://hl7.org/fhir/StructureDefinition/implementationguide-page">
        <valueUri value="ValueSet-us-core-medication-codes.html"/>
      </extension>
      <reference>
        <reference value="ValueSet/us-core-medication-codes"/>
      </reference>
      <exampleBoolean value="false"/>
    </resource>
    <resource>
      <extension url="http://hl7.org/fhir/StructureDefinition/implementationguide-page">
        <valueUri value="StructureDefinition-us-core-immunization.html"/>
      </extension>
      <reference>
        <reference value="StructureDefinition/us-core-immunization"/>
      </reference>
      <exampleBoolean value="false"/>
    </resource>
    <resource>
      <extension url="http://hl7.org/fhir/StructureDefinition/implementationguide-page">
        <valueUri value="SearchParameter-us-core-location-address-state.html"/>
      </extension>
      <reference>
        <reference value="SearchParameter/us-core-location-address-state"/>
      </reference>
      <exampleBoolean value="false"/>
    </resource>
    <resource>
      <extension url="http://hl7.org/fhir/StructureDefinition/implementationguide-page">
        <valueUri value="SearchParameter-us-core-practitionerrole-practitioner.html"/>
      </extension>
      <reference>
        <reference value="SearchParameter/us-core-practitionerrole-practitioner"/>
      </reference>
      <exampleBoolean value="false"/>
    </resource>
    <resource>
      <extension url="http://hl7.org/fhir/StructureDefinition/implementationguide-page">
        <valueUri value="ValueSet-us-core-observation-smokingstatus.html"/>
      </extension>
      <reference>
        <reference value="ValueSet/us-core-observation-smokingstatus"/>
      </reference>
      <exampleBoolean value="false"/>
    </resource>
    <resource>
      <extension url="http://hl7.org/fhir/StructureDefinition/implementationguide-page">
        <valueUri value="SearchParameter-us-core-medicationstatement-status.html"/>
      </extension>
      <reference>
        <reference value="SearchParameter/us-core-medicationstatement-status"/>
      </reference>
      <exampleBoolean value="false"/>
    </resource>
    <resource>
      <extension url="http://hl7.org/fhir/StructureDefinition/implementationguide-page">
        <valueUri value="ValueSet-omb-race-category.html"/>
      </extension>
      <reference>
        <reference value="ValueSet/omb-race-category"/>
      </reference>
      <exampleBoolean value="false"/>
    </resource>
    <resource>
      <extension url="http://hl7.org/fhir/StructureDefinition/implementationguide-page">
        <valueUri value="StructureDefinition-us-core-practitionerrole.html"/>
      </extension>
      <reference>
        <reference value="StructureDefinition/us-core-practitionerrole"/>
      </reference>
      <exampleBoolean value="false"/>
    </resource>
    <resource>
      <extension url="http://hl7.org/fhir/StructureDefinition/implementationguide-page">
        <valueUri value="ValueSet-us-core-allergy-substance.html"/>
      </extension>
      <reference>
        <reference value="ValueSet/us-core-allergy-substance"/>
      </reference>
      <exampleBoolean value="false"/>
    </resource>
    <resource>
      <extension url="http://hl7.org/fhir/StructureDefinition/implementationguide-page">
        <valueUri value="ValueSet-us-core-narrative-status.html"/>
      </extension>
      <reference>
        <reference value="ValueSet/us-core-narrative-status"/>
      </reference>
      <exampleBoolean value="false"/>
    </resource>
    <resource>
      <extension url="http://hl7.org/fhir/StructureDefinition/implementationguide-page">
        <valueUri value="CodeSystem-cdcrec.html"/>
      </extension>
      <reference>
        <reference value="CodeSystem/cdcrec"/>
      </reference>
      <exampleBoolean value="false"/>
    </resource>
    <resource>
      <extension url="http://hl7.org/fhir/StructureDefinition/implementationguide-page">
        <valueUri value="SearchParameter-us-core-organization-name.html"/>
      </extension>
      <reference>
        <reference value="SearchParameter/us-core-organization-name"/>
      </reference>
      <exampleBoolean value="false"/>
    </resource>
    <resource>
      <extension url="http://hl7.org/fhir/StructureDefinition/implementationguide-page">
        <valueUri value="StructureDefinition-us-core-observation-lab.html"/>
      </extension>
      <reference>
        <reference value="StructureDefinition/us-core-observation-lab"/>
      </reference>
      <exampleBoolean value="false"/>
    </resource>
    <resource>
      <extension url="http://hl7.org/fhir/StructureDefinition/implementationguide-page">
        <valueUri value="SearchParameter-us-core-diagnosticreport-code.html"/>
      </extension>
      <reference>
        <reference value="SearchParameter/us-core-diagnosticreport-code"/>
      </reference>
      <exampleBoolean value="false"/>
    </resource>
    <resource>
      <extension url="http://hl7.org/fhir/StructureDefinition/implementationguide-page">
        <valueUri value="StructureDefinition-pediatric-bmi-for-age.html"/>
      </extension>
      <reference>
        <reference value="StructureDefinition/pediatric-bmi-for-age"/>
      </reference>
      <exampleBoolean value="false"/>
    </resource>
    <resource>
      <extension url="http://hl7.org/fhir/StructureDefinition/implementationguide-page">
        <valueUri value="StructureDefinition-us-core-allergyintolerance.html"/>
      </extension>
      <reference>
        <reference value="StructureDefinition/us-core-allergyintolerance"/>
      </reference>
      <exampleBoolean value="false"/>
    </resource>
    <resource>
      <extension url="http://hl7.org/fhir/StructureDefinition/implementationguide-page">
        <valueUri value="SearchParameter-us-core-goal-lifecycle-status.html"/>
      </extension>
      <reference>
        <reference value="SearchParameter/us-core-goal-lifecycle-status"/>
      </reference>
      <exampleBoolean value="false"/>
    </resource>
    <resource>
      <extension url="http://hl7.org/fhir/StructureDefinition/implementationguide-page">
        <valueUri value="SearchParameter-us-core-procedure-code.html"/>
      </extension>
      <reference>
        <reference value="SearchParameter/us-core-procedure-code"/>
      </reference>
      <exampleBoolean value="false"/>
    </resource>
    <resource>
      <extension url="http://hl7.org/fhir/StructureDefinition/implementationguide-page">
        <valueUri value="ValueSet-us-core-documentreference-type.html"/>
      </extension>
      <reference>
        <reference value="ValueSet/us-core-documentreference-type"/>
      </reference>
      <exampleBoolean value="false"/>
    </resource>
    <resource>
      <extension url="http://hl7.org/fhir/StructureDefinition/implementationguide-page">
        <valueUri value="SearchParameter-us-core-patient-gender.html"/>
      </extension>
      <reference>
        <reference value="SearchParameter/us-core-patient-gender"/>
      </reference>
      <exampleBoolean value="false"/>
    </resource>
    <resource>
      <extension url="http://hl7.org/fhir/StructureDefinition/implementationguide-page">
        <valueUri value="StructureDefinition-us-core-practitioner.html"/>
      </extension>
      <reference>
        <reference value="StructureDefinition/us-core-practitioner"/>
      </reference>
      <exampleBoolean value="false"/>
    </resource>
    <resource>
      <extension url="http://hl7.org/fhir/StructureDefinition/implementationguide-page">
        <valueUri value="StructureDefinition-us-core-diagnosticreport-note.html"/>
      </extension>
      <reference>
        <reference value="StructureDefinition/us-core-diagnosticreport-note"/>
      </reference>
      <exampleBoolean value="false"/>
    </resource>
    <resource>
      <extension url="http://hl7.org/fhir/StructureDefinition/implementationguide-page">
        <valueUri value="ValueSet-omb-ethnicity-category.html"/>
      </extension>
      <reference>
        <reference value="ValueSet/omb-ethnicity-category"/>
      </reference>
      <exampleBoolean value="false"/>
    </resource>
    <resource>
      <extension url="http://hl7.org/fhir/StructureDefinition/implementationguide-page">
        <valueUri value="OperationDefinition-docref.html"/>
      </extension>
      <reference>
        <reference value="OperationDefinition/docref"/>
      </reference>
      <exampleBoolean value="false"/>
    </resource>
    <resource>
      <extension url="http://hl7.org/fhir/StructureDefinition/implementationguide-page">
        <valueUri value="SearchParameter-us-core-condition-clinical-status.html"/>
      </extension>
      <reference>
        <reference value="SearchParameter/us-core-condition-clinical-status"/>
      </reference>
      <exampleBoolean value="false"/>
    </resource>
    <resource>
      <extension url="http://hl7.org/fhir/StructureDefinition/implementationguide-page">
        <valueUri value="StructureDefinition-us-core-birthsex.html"/>
      </extension>
      <reference>
        <reference value="StructureDefinition/us-core-birthsex"/>
      </reference>
      <exampleBoolean value="false"/>
    </resource>
    <resource>
      <extension url="http://hl7.org/fhir/StructureDefinition/implementationguide-page">
        <valueUri value="SearchParameter-us-core-documentreference-id.html"/>
      </extension>
      <reference>
        <reference value="SearchParameter/us-core-documentreference-id"/>
      </reference>
      <exampleBoolean value="false"/>
    </resource>
    <resource>
      <extension url="http://hl7.org/fhir/StructureDefinition/implementationguide-page">
        <valueUri value="SearchParameter-us-core-careplan-category.html"/>
      </extension>
      <reference>
        <reference value="SearchParameter/us-core-careplan-category"/>
      </reference>
      <exampleBoolean value="false"/>
    </resource>
    <resource>
      <extension url="http://hl7.org/fhir/StructureDefinition/implementationguide-page">
        <valueUri value="SearchParameter-us-core-encounter-class.html"/>
      </extension>
      <reference>
        <reference value="SearchParameter/us-core-encounter-class"/>
      </reference>
      <exampleBoolean value="false"/>
    </resource>
    <resource>
      <extension url="http://hl7.org/fhir/StructureDefinition/implementationguide-page">
        <valueUri value="SearchParameter-us-core-medicationrequest-patient.html"/>
      </extension>
      <reference>
        <reference value="SearchParameter/us-core-medicationrequest-patient"/>
      </reference>
      <exampleBoolean value="false"/>
    </resource>
    <resource>
      <extension url="http://hl7.org/fhir/StructureDefinition/implementationguide-page">
        <valueUri value="CapabilityStatement-us-core-server.html"/>
      </extension>
      <reference>
        <reference value="CapabilityStatement/us-core-server"/>
      </reference>
      <exampleBoolean value="false"/>
    </resource>
    <resource>
      <extension url="http://hl7.org/fhir/StructureDefinition/implementationguide-page">
        <valueUri value="ValueSet-us-core-condition-category.html"/>
      </extension>
      <reference>
        <reference value="ValueSet/us-core-condition-category"/>
      </reference>
      <exampleBoolean value="false"/>
    </resource>
    <resource>
      <extension url="http://hl7.org/fhir/StructureDefinition/implementationguide-page">
        <valueUri value="ValueSet-detailed-ethnicity.html"/>
      </extension>
      <reference>
        <reference value="ValueSet/detailed-ethnicity"/>
      </reference>
      <exampleBoolean value="false"/>
    </resource>
    <resource>
      <extension url="http://hl7.org/fhir/StructureDefinition/implementationguide-page">
        <valueUri value="SearchParameter-us-core-documentreference-patient.html"/>
      </extension>
      <reference>
        <reference value="SearchParameter/us-core-documentreference-patient"/>
      </reference>
      <exampleBoolean value="false"/>
    </resource>
    <resource>
      <extension url="http://hl7.org/fhir/StructureDefinition/implementationguide-page">
        <valueUri value="StructureDefinition-us-core-encounter.html"/>
      </extension>
      <reference>
        <reference value="StructureDefinition/us-core-encounter"/>
      </reference>
      <exampleBoolean value="false"/>
    </resource>
    <resource>
      <extension url="http://hl7.org/fhir/StructureDefinition/implementationguide-page">
        <valueUri value="ValueSet-us-core-ndc-vaccine-codes.html"/>
      </extension>
      <reference>
        <reference value="ValueSet/us-core-ndc-vaccine-codes"/>
      </reference>
      <exampleBoolean value="false"/>
    </resource>
    <resource>
      <extension url="http://hl7.org/fhir/StructureDefinition/implementationguide-page">
        <valueUri value="StructureDefinition-us-core-patient.html"/>
      </extension>
      <reference>
        <reference value="StructureDefinition/us-core-patient"/>
      </reference>
      <exampleBoolean value="false"/>
    </resource>
    <resource>
      <extension url="http://hl7.org/fhir/StructureDefinition/implementationguide-page">
        <valueUri value="SearchParameter-us-core-diagnosticreport-date.html"/>
      </extension>
      <reference>
        <reference value="SearchParameter/us-core-diagnosticreport-date"/>
      </reference>
      <exampleBoolean value="false"/>
    </resource>
    <resource>
      <extension url="http://hl7.org/fhir/StructureDefinition/implementationguide-page">
        <valueUri value="StructureDefinition-us-core-medicationstatement.html"/>
      </extension>
      <reference>
        <reference value="StructureDefinition/us-core-medicationstatement"/>
      </reference>
      <exampleBoolean value="false"/>
    </resource>
    <resource>
      <extension url="http://hl7.org/fhir/StructureDefinition/implementationguide-page">
        <valueUri value="ValueSet-us-core-procedure-icd10pcs.html"/>
      </extension>
      <reference>
        <reference value="ValueSet/us-core-procedure-icd10pcs"/>
      </reference>
      <exampleBoolean value="false"/>
    </resource>
    <resource>
      <extension url="http://hl7.org/fhir/StructureDefinition/implementationguide-page">
        <valueUri value="ValueSet-us-core-provider-specialty.html"/>
      </extension>
      <reference>
        <reference value="ValueSet/us-core-provider-specialty"/>
      </reference>
      <exampleBoolean value="false"/>
    </resource>
    <resource>
      <extension url="http://hl7.org/fhir/StructureDefinition/implementationguide-page">
        <valueUri value="SearchParameter-us-core-procedure-date.html"/>
      </extension>
      <reference>
        <reference value="SearchParameter/us-core-procedure-date"/>
      </reference>
      <exampleBoolean value="false"/>
    </resource>
    <resource>
      <extension url="http://hl7.org/fhir/StructureDefinition/implementationguide-page">
        <valueUri value="ValueSet-us-core-vaccines-cvx.html"/>
      </extension>
      <reference>
        <reference value="ValueSet/us-core-vaccines-cvx"/>
      </reference>
      <exampleBoolean value="false"/>
    </resource>
    <resource>
      <extension url="http://hl7.org/fhir/StructureDefinition/implementationguide-page">
        <valueUri value="SearchParameter-us-core-allergyintolerance-clinical-status.html"/>
      </extension>
      <reference>
        <reference value="SearchParameter/us-core-allergyintolerance-clinical-status"/>
      </reference>
      <exampleBoolean value="false"/>
    </resource>
    <resource>
      <extension url="http://hl7.org/fhir/StructureDefinition/implementationguide-page">
        <valueUri value="SearchParameter-us-core-documentreference-date.html"/>
      </extension>
      <reference>
        <reference value="SearchParameter/us-core-documentreference-date"/>
      </reference>
      <exampleBoolean value="false"/>
    </resource>
    <resource>
      <extension url="http://hl7.org/fhir/StructureDefinition/implementationguide-page">
        <valueUri value="StructureDefinition-us-core-location.html"/>
      </extension>
      <reference>
        <reference value="StructureDefinition/us-core-location"/>
      </reference>
      <exampleBoolean value="false"/>
    </resource>
    <resource>
      <extension url="http://hl7.org/fhir/StructureDefinition/implementationguide-page">
        <valueUri value="SearchParameter-us-core-location-address.html"/>
      </extension>
      <reference>
        <reference value="SearchParameter/us-core-location-address"/>
      </reference>
      <exampleBoolean value="false"/>
    </resource>
    <resource>
      <extension url="http://hl7.org/fhir/StructureDefinition/implementationguide-page">
        <valueUri value="ValueSet-us-core-observation-smoking-status-status.html"/>
      </extension>
      <reference>
        <reference value="ValueSet/us-core-observation-smoking-status-status"/>
      </reference>
      <exampleBoolean value="false"/>
    </resource>
    <resource>
      <extension url="http://hl7.org/fhir/StructureDefinition/implementationguide-page">
        <valueUri value="ValueSet-us-core-usps-state.html"/>
      </extension>
      <reference>
        <reference value="ValueSet/us-core-usps-state"/>
      </reference>
      <exampleBoolean value="false"/>
    </resource>
    <resource>
      <extension url="http://hl7.org/fhir/StructureDefinition/implementationguide-page">
        <valueUri value="SearchParameter-us-core-practitioner-name.html"/>
      </extension>
      <reference>
        <reference value="SearchParameter/us-core-practitioner-name"/>
      </reference>
      <exampleBoolean value="false"/>
    </resource>
    <resource>
      <extension url="http://hl7.org/fhir/StructureDefinition/implementationguide-page">
        <valueUri value="ValueSet-us-core-encounter-type.html"/>
      </extension>
      <reference>
        <reference value="ValueSet/us-core-encounter-type"/>
      </reference>
      <exampleBoolean value="false"/>
    </resource>
    <resource>
      <extension url="http://hl7.org/fhir/StructureDefinition/implementationguide-page">
        <valueUri value="SearchParameter-us-core-documentreference-period.html"/>
      </extension>
      <reference>
        <reference value="SearchParameter/us-core-documentreference-period"/>
      </reference>
      <exampleBoolean value="false"/>
    </resource>
    <resource>
      <extension url="http://hl7.org/fhir/StructureDefinition/implementationguide-page">
        <valueUri value="SearchParameter-us-core-observation-code.html"/>
      </extension>
      <reference>
        <reference value="SearchParameter/us-core-observation-code"/>
      </reference>
      <exampleBoolean value="false"/>
    </resource>
    <resource>
      <extension url="http://hl7.org/fhir/StructureDefinition/implementationguide-page">
        <valueUri value="SearchParameter-us-core-location-name.html"/>
      </extension>
      <reference>
        <reference value="SearchParameter/us-core-location-name"/>
      </reference>
      <exampleBoolean value="false"/>
    </resource>
    <resource>
      <extension url="http://hl7.org/fhir/StructureDefinition/implementationguide-page">
        <valueUri value="SearchParameter-us-core-condition-onset-date.html"/>
      </extension>
      <reference>
        <reference value="SearchParameter/us-core-condition-onset-date"/>
      </reference>
      <exampleBoolean value="false"/>
    </resource>
    <resource>
      <extension url="http://hl7.org/fhir/StructureDefinition/implementationguide-page">
        <valueUri value="SearchParameter-us-core-patient-given.html"/>
      </extension>
      <reference>
        <reference value="SearchParameter/us-core-patient-given"/>
      </reference>
      <exampleBoolean value="false"/>
    </resource>
    <resource>
      <extension url="http://hl7.org/fhir/StructureDefinition/implementationguide-page">
        <valueUri value="StructureDefinition-us-core-procedure.html"/>
      </extension>
      <reference>
        <reference value="StructureDefinition/us-core-procedure"/>
      </reference>
      <exampleBoolean value="false"/>
    </resource>
    <resource>
      <extension url="http://hl7.org/fhir/StructureDefinition/implementationguide-page">
        <valueUri value="SearchParameter-us-core-encounter-type.html"/>
      </extension>
      <reference>
        <reference value="SearchParameter/us-core-encounter-type"/>
      </reference>
      <exampleBoolean value="false"/>
    </resource>
    <resource>
      <extension url="http://hl7.org/fhir/StructureDefinition/implementationguide-page">
        <valueUri value="ValueSet-us-core-problem.html"/>
      </extension>
      <reference>
        <reference value="ValueSet/us-core-problem"/>
      </reference>
      <exampleBoolean value="false"/>
    </resource>
    <resource>
      <extension url="http://hl7.org/fhir/StructureDefinition/implementationguide-page">
        <valueUri value="CodeSystem-condition-category.html"/>
      </extension>
      <reference>
        <reference value="CodeSystem/condition-category"/>
      </reference>
      <exampleBoolean value="false"/>
    </resource>
    <resource>
      <extension url="http://hl7.org/fhir/StructureDefinition/implementationguide-page">
        <valueUri value="SearchParameter-us-core-encounter-patient.html"/>
      </extension>
      <reference>
        <reference value="SearchParameter/us-core-encounter-patient"/>
      </reference>
      <exampleBoolean value="false"/>
    </resource>
    <resource>
      <extension url="http://hl7.org/fhir/StructureDefinition/implementationguide-page">
        <valueUri value="SearchParameter-us-core-organization-address.html"/>
      </extension>
      <reference>
        <reference value="SearchParameter/us-core-organization-address"/>
      </reference>
      <exampleBoolean value="false"/>
    </resource>
    <resource>
      <extension url="http://hl7.org/fhir/StructureDefinition/implementationguide-page">
        <valueUri value="SearchParameter-us-core-observation-category.html"/>
      </extension>
      <reference>
        <reference value="SearchParameter/us-core-observation-category"/>
      </reference>
      <exampleBoolean value="false"/>
    </resource>
    <resource>
      <extension url="http://hl7.org/fhir/StructureDefinition/implementationguide-page">
        <valueUri value="StructureDefinition-us-core-medication.html"/>
      </extension>
      <reference>
        <reference value="StructureDefinition/us-core-medication"/>
      </reference>
      <exampleBoolean value="false"/>
    </resource>
    <resource>
      <extension url="http://hl7.org/fhir/StructureDefinition/implementationguide-page">
        <valueUri value="SearchParameter-us-core-diagnosticreport-status.html"/>
      </extension>
      <reference>
        <reference value="SearchParameter/us-core-diagnosticreport-status"/>
      </reference>
      <exampleBoolean value="false"/>
    </resource>
    <resource>
      <extension url="http://hl7.org/fhir/StructureDefinition/implementationguide-page">
        <valueUri value="SearchParameter-us-core-observation-date.html"/>
      </extension>
      <reference>
        <reference value="SearchParameter/us-core-observation-date"/>
      </reference>
      <exampleBoolean value="false"/>
    </resource>
    <resource>
      <extension url="http://hl7.org/fhir/StructureDefinition/implementationguide-page">
        <valueUri value="ValueSet-birthsex.html"/>
      </extension>
      <reference>
        <reference value="ValueSet/birthsex"/>
      </reference>
      <exampleBoolean value="false"/>
    </resource>
    <resource>
      <extension url="http://hl7.org/fhir/StructureDefinition/implementationguide-page">
        <valueUri value="SearchParameter-us-core-diagnosticreport-category.html"/>
      </extension>
      <reference>
        <reference value="SearchParameter/us-core-diagnosticreport-category"/>
      </reference>
      <exampleBoolean value="false"/>
    </resource>
    <resource>
      <extension url="http://hl7.org/fhir/StructureDefinition/implementationguide-page">
        <valueUri value="SearchParameter-us-core-observation-status.html"/>
      </extension>
      <reference>
        <reference value="SearchParameter/us-core-observation-status"/>
      </reference>
      <exampleBoolean value="false"/>
    </resource>
    <resource>
      <extension url="http://hl7.org/fhir/StructureDefinition/implementationguide-page">
        <valueUri value="ValueSet-us-core-diagnosticreport-report-and-note-codes.html"/>
      </extension>
      <reference>
        <reference value="ValueSet/us-core-diagnosticreport-report-and-note-codes"/>
      </reference>
      <exampleBoolean value="false"/>
    </resource>
    <resource>
      <extension url="http://hl7.org/fhir/StructureDefinition/implementationguide-page">
        <valueUri value="ValueSet-us-core-provider-role.html"/>
      </extension>
      <reference>
        <reference value="ValueSet/us-core-provider-role"/>
      </reference>
      <exampleBoolean value="false"/>
    </resource>
    <resource>
      <extension url="http://hl7.org/fhir/StructureDefinition/implementationguide-page">
        <valueUri value="SearchParameter-us-core-ethnicity.html"/>
      </extension>
      <reference>
        <reference value="SearchParameter/us-core-ethnicity"/>
      </reference>
      <exampleBoolean value="false"/>
    </resource>
    <resource>
      <extension url="http://hl7.org/fhir/StructureDefinition/implementationguide-page">
        <valueUri value="StructureDefinition-us-core-documentreference.html"/>
      </extension>
      <reference>
        <reference value="StructureDefinition/us-core-documentreference"/>
      </reference>
      <exampleBoolean value="false"/>
    </resource>
    <resource>
      <extension url="http://hl7.org/fhir/StructureDefinition/implementationguide-page">
        <valueUri value="StructureDefinition-us-core-direct.html"/>
      </extension>
      <reference>
        <reference value="StructureDefinition/us-core-direct"/>
      </reference>
      <exampleBoolean value="false"/>
    </resource>
    <resource>
      <extension url="http://hl7.org/fhir/StructureDefinition/implementationguide-page">
        <valueUri value="ValueSet-us-core-smoking-status-observation-codes.html"/>
      </extension>
      <reference>
        <reference value="ValueSet/us-core-smoking-status-observation-codes"/>
      </reference>
      <exampleBoolean value="false"/>
    </resource>
    <resource>
      <extension url="http://hl7.org/fhir/StructureDefinition/implementationguide-page">
        <valueUri value="ValueSet-us-core-careteam-provider-roles.html"/>
      </extension>
      <reference>
        <reference value="ValueSet/us-core-careteam-provider-roles"/>
      </reference>
      <exampleBoolean value="false"/>
    </resource>
    <resource>
      <extension url="http://hl7.org/fhir/StructureDefinition/implementationguide-page">
        <valueUri value="SearchParameter-us-core-documentreference-type.html"/>
      </extension>
      <reference>
        <reference value="SearchParameter/us-core-documentreference-type"/>
      </reference>
      <exampleBoolean value="false"/>
    </resource>
    <resource>
      <extension url="http://hl7.org/fhir/StructureDefinition/implementationguide-page">
        <valueUri value="SearchParameter-us-core-encounter-date.html"/>
      </extension>
      <reference>
        <reference value="SearchParameter/us-core-encounter-date"/>
      </reference>
      <exampleBoolean value="false"/>
    </resource>
    <resource>
      <extension url="http://hl7.org/fhir/StructureDefinition/implementationguide-page">
        <valueUri value="ValueSet-us-core-diagnosticreport-category.html"/>
      </extension>
      <reference>
        <reference value="ValueSet/us-core-diagnosticreport-category"/>
      </reference>
      <exampleBoolean value="false"/>
    </resource>
    <resource>
      <extension url="http://hl7.org/fhir/StructureDefinition/implementationguide-page">
        <valueUri value="StructureDefinition-us-core-device.html"/>
      </extension>
      <reference>
        <reference value="StructureDefinition/us-core-device"/>
      </reference>
      <exampleBoolean value="false"/>
    </resource>
    <resource>
      <extension url="http://hl7.org/fhir/StructureDefinition/implementationguide-page">
        <valueUri value="SearchParameter-us-core-patient-birthdate.html"/>
      </extension>
      <reference>
        <reference value="SearchParameter/us-core-patient-birthdate"/>
      </reference>
      <exampleBoolean value="false"/>
    </resource>
    <resource>
      <extension url="http://hl7.org/fhir/StructureDefinition/implementationguide-page">
        <valueUri value="StructureDefinition-us-core-careteam.html"/>
      </extension>
      <reference>
        <reference value="StructureDefinition/us-core-careteam"/>
      </reference>
      <exampleBoolean value="false"/>
    </resource>
    <resource>
      <extension url="http://hl7.org/fhir/StructureDefinition/implementationguide-page">
        <valueUri value="SearchParameter-us-core-procedure-status.html"/>
      </extension>
      <reference>
        <reference value="SearchParameter/us-core-procedure-status"/>
      </reference>
      <exampleBoolean value="false"/>
    </resource>
    <resource>
      <extension url="http://hl7.org/fhir/StructureDefinition/implementationguide-page">
        <valueUri value="ValueSet-us-core-clinical-note-type.html"/>
      </extension>
      <reference>
        <reference value="ValueSet/us-core-clinical-note-type"/>
      </reference>
      <exampleBoolean value="false"/>
    </resource>
    <resource>
      <extension url="http://hl7.org/fhir/StructureDefinition/implementationguide-page">
        <valueUri value="SearchParameter-us-core-encounter-status.html"/>
      </extension>
      <reference>
        <reference value="SearchParameter/us-core-encounter-status"/>
      </reference>
      <exampleBoolean value="false"/>
    </resource>
    <resource>
      <extension url="http://hl7.org/fhir/StructureDefinition/implementationguide-page">
        <valueUri value="ConceptMap-ndc-cvx.html"/>
      </extension>
      <reference>
        <reference value="ConceptMap/ndc-cvx"/>
      </reference>
      <exampleBoolean value="false"/>
    </resource>
    <resource>
      <extension url="http://hl7.org/fhir/StructureDefinition/implementationguide-page">
        <valueUri value="StructureDefinition-us-core-ethnicity.html"/>
      </extension>
      <reference>
        <reference value="StructureDefinition/us-core-ethnicity"/>
      </reference>
      <exampleBoolean value="false"/>
    </resource>
    <resource>
      <extension url="http://hl7.org/fhir/StructureDefinition/implementationguide-page">
        <valueUri value="SearchParameter-us-core-careplan-status.html"/>
      </extension>
      <reference>
        <reference value="SearchParameter/us-core-careplan-status"/>
      </reference>
      <exampleBoolean value="false"/>
    </resource>
    <resource>
      <extension url="http://hl7.org/fhir/StructureDefinition/implementationguide-page">
        <valueUri value="StructureDefinition-us-core-careplan.html"/>
      </extension>
      <reference>
        <reference value="StructureDefinition/us-core-careplan"/>
      </reference>
      <exampleBoolean value="false"/>
    </resource>
    <resource>
      <extension url="http://hl7.org/fhir/StructureDefinition/implementationguide-page">
        <valueUri value="SearchParameter-us-core-condition-patient.html"/>
      </extension>
      <reference>
        <reference value="SearchParameter/us-core-condition-patient"/>
      </reference>
      <exampleBoolean value="false"/>
    </resource>
    <resource>
      <extension url="http://hl7.org/fhir/StructureDefinition/implementationguide-page">
        <valueUri value="SearchParameter-us-core-allergyintolerance-patient.html"/>
      </extension>
      <reference>
        <reference value="SearchParameter/us-core-allergyintolerance-patient"/>
      </reference>
      <exampleBoolean value="false"/>
    </resource>
    <resource>
      <extension url="http://hl7.org/fhir/StructureDefinition/implementationguide-page">
        <valueUri value="SearchParameter-us-core-device-patient.html"/>
      </extension>
      <reference>
        <reference value="SearchParameter/us-core-device-patient"/>
      </reference>
      <exampleBoolean value="false"/>
    </resource>
    <resource>
      <extension url="http://hl7.org/fhir/StructureDefinition/implementationguide-page">
        <valueUri value="SearchParameter-us-core-condition-code.html"/>
      </extension>
      <reference>
        <reference value="SearchParameter/us-core-condition-code"/>
      </reference>
      <exampleBoolean value="false"/>
    </resource>
    <resource>
      <extension url="http://hl7.org/fhir/StructureDefinition/implementationguide-page">
        <valueUri value="SearchParameter-us-core-observation-patient.html"/>
      </extension>
      <reference>
        <reference value="SearchParameter/us-core-observation-patient"/>
      </reference>
      <exampleBoolean value="false"/>
    </resource>
    <resource>
      <extension url="http://hl7.org/fhir/StructureDefinition/implementationguide-page">
        <valueUri value="SearchParameter-us-core-race.html"/>
      </extension>
      <reference>
        <reference value="SearchParameter/us-core-race"/>
      </reference>
      <exampleBoolean value="false"/>
    </resource>
    <resource>
      <extension url="http://hl7.org/fhir/StructureDefinition/implementationguide-page">
        <valueUri value="SearchParameter-us-core-careplan-patient.html"/>
      </extension>
      <reference>
        <reference value="SearchParameter/us-core-careplan-patient"/>
      </reference>
      <exampleBoolean value="false"/>
    </resource>
    <resource>
      <extension url="http://hl7.org/fhir/StructureDefinition/implementationguide-page">
        <valueUri value="SearchParameter-us-core-patient-family.html"/>
      </extension>
      <reference>
        <reference value="SearchParameter/us-core-patient-family"/>
      </reference>
      <exampleBoolean value="false"/>
    </resource>
    <resource>
      <extension url="http://hl7.org/fhir/StructureDefinition/implementationguide-page">
        <valueUri value="StructureDefinition-us-core-smokingstatus.html"/>
      </extension>
      <reference>
        <reference value="StructureDefinition/us-core-smokingstatus"/>
      </reference>
      <exampleBoolean value="false"/>
    </resource>
    <resource>
      <extension url="http://hl7.org/fhir/StructureDefinition/implementationguide-page">
        <valueUri value="SearchParameter-us-core-medicationrequest-status.html"/>
      </extension>
      <reference>
        <reference value="SearchParameter/us-core-medicationrequest-status"/>
      </reference>
      <exampleBoolean value="false"/>
    </resource>
    <resource>
      <extension url="http://hl7.org/fhir/StructureDefinition/implementationguide-page">
        <valueUri value="SearchParameter-us-core-medicationstatement-effective.html"/>
      </extension>
      <reference>
        <reference value="SearchParameter/us-core-medicationstatement-effective"/>
      </reference>
      <exampleBoolean value="false"/>
    </resource>
    <resource>
      <extension url="http://hl7.org/fhir/StructureDefinition/implementationguide-page">
        <valueUri value="StructureDefinition-us-core-race.html"/>
      </extension>
      <reference>
        <reference value="StructureDefinition/us-core-race"/>
      </reference>
      <exampleBoolean value="false"/>
    </resource>
    <resource>
      <extension url="http://hl7.org/fhir/StructureDefinition/implementationguide-page">
        <valueUri value="SearchParameter-us-core-medicationstatement-patient.html"/>
      </extension>
      <reference>
        <reference value="SearchParameter/us-core-medicationstatement-patient"/>
      </reference>
      <exampleBoolean value="false"/>
    </resource>
    <resource>
      <extension url="http://hl7.org/fhir/StructureDefinition/implementationguide-page">
        <valueUri value="SearchParameter-us-core-location-address-postalcode.html"/>
      </extension>
      <reference>
        <reference value="SearchParameter/us-core-location-address-postalcode"/>
      </reference>
      <exampleBoolean value="false"/>
    </resource>
    <resource>
      <extension url="http://hl7.org/fhir/StructureDefinition/implementationguide-page">
        <valueUri value="SearchParameter-us-core-encounter-id.html"/>
      </extension>
      <reference>
        <reference value="SearchParameter/us-core-encounter-id"/>
      </reference>
      <exampleBoolean value="false"/>
    </resource>
    <resource>
      <extension url="http://hl7.org/fhir/StructureDefinition/implementationguide-page">
        <valueUri value="SearchParameter-us-core-medicationrequest-authoredon.html"/>
      </extension>
      <reference>
        <reference value="SearchParameter/us-core-medicationrequest-authoredon"/>
      </reference>
      <exampleBoolean value="false"/>
    </resource>
    <resource>
      <extension url="http://hl7.org/fhir/StructureDefinition/implementationguide-page">
        <valueUri value="SearchParameter-us-core-documentreference-status.html"/>
      </extension>
      <reference>
        <reference value="SearchParameter/us-core-documentreference-status"/>
      </reference>
      <exampleBoolean value="false"/>
    </resource>
    <resource>
      <extension url="http://hl7.org/fhir/StructureDefinition/implementationguide-page">
        <valueUri value="ValueSet-us-core-documentreference-category.html"/>
      </extension>
      <reference>
        <reference value="ValueSet/us-core-documentreference-category"/>
      </reference>
      <exampleBoolean value="false"/>
    </resource>
    <resource>
      <extension url="http://hl7.org/fhir/StructureDefinition/implementationguide-page">
        <valueUri value="SearchParameter-us-core-procedure-patient.html"/>
      </extension>
      <reference>
        <reference value="SearchParameter/us-core-procedure-patient"/>
      </reference>
      <exampleBoolean value="false"/>
    </resource>
    <resource>
      <extension url="http://hl7.org/fhir/StructureDefinition/implementationguide-page">
        <valueUri value="SearchParameter-us-core-goal-target-date.html"/>
      </extension>
      <reference>
        <reference value="SearchParameter/us-core-goal-target-date"/>
      </reference>
      <exampleBoolean value="false"/>
    </resource>
    <resource>
      <extension url="http://hl7.org/fhir/StructureDefinition/implementationguide-page">
        <valueUri value="SearchParameter-us-core-diagnosticreport-patient.html"/>
      </extension>
      <reference>
        <reference value="SearchParameter/us-core-diagnosticreport-patient"/>
      </reference>
      <exampleBoolean value="false"/>
    </resource>
    <resource>
      <extension url="http://hl7.org/fhir/StructureDefinition/implementationguide-page">
        <valueUri value="SearchParameter-us-core-careplan-date.html"/>
      </extension>
      <reference>
        <reference value="SearchParameter/us-core-careplan-date"/>
      </reference>
      <exampleBoolean value="false"/>
    </resource>
    <resource>
      <extension url="http://hl7.org/fhir/StructureDefinition/implementationguide-page">
        <valueUri value="SearchParameter-us-core-careteam-patient.html"/>
      </extension>
      <reference>
        <reference value="SearchParameter/us-core-careteam-patient"/>
      </reference>
      <exampleBoolean value="false"/>
    </resource>
    <resource>
      <extension url="http://hl7.org/fhir/StructureDefinition/implementationguide-page">
        <valueUri value="StructureDefinition-us-core-organization.html"/>
      </extension>
      <reference>
        <reference value="StructureDefinition/us-core-organization"/>
      </reference>
      <exampleBoolean value="false"/>
    </resource>
    <resource>
      <extension url="http://hl7.org/fhir/StructureDefinition/implementationguide-page">
        <valueUri value="SearchParameter-us-core-immunization-date.html"/>
      </extension>
      <reference>
        <reference value="SearchParameter/us-core-immunization-date"/>
      </reference>
      <exampleBoolean value="false"/>
    </resource>
    <resource>
      <extension url="http://hl7.org/fhir/StructureDefinition/implementationguide-page">
        <valueUri value="SearchParameter-us-core-encounter-identifier.html"/>
      </extension>
      <reference>
        <reference value="SearchParameter/us-core-encounter-identifier"/>
      </reference>
      <exampleBoolean value="false"/>
    </resource>
    <resource>
      <extension url="http://hl7.org/fhir/StructureDefinition/implementationguide-page">
        <valueUri value="SearchParameter-us-core-practitionerrole-specialty.html"/>
      </extension>
      <reference>
        <reference value="SearchParameter/us-core-practitionerrole-specialty"/>
      </reference>
      <exampleBoolean value="false"/>
    </resource>
    <resource>
      <extension url="http://hl7.org/fhir/StructureDefinition/implementationguide-page">
        <valueUri value="SearchParameter-us-core-patient-name.html"/>
      </extension>
      <reference>
        <reference value="SearchParameter/us-core-patient-name"/>
      </reference>
      <exampleBoolean value="false"/>
    </resource>
    <resource>
      <extension url="http://hl7.org/fhir/StructureDefinition/implementationguide-page">
        <valueUri value="SearchParameter-us-core-device-type.html"/>
      </extension>
      <reference>
        <reference value="SearchParameter/us-core-device-type"/>
      </reference>
      <exampleBoolean value="false"/>
    </resource>
    <resource>
      <extension url="http://hl7.org/fhir/StructureDefinition/implementationguide-page">
        <valueUri value="ValueSet-us-core-procedure-code.html"/>
      </extension>
      <reference>
        <reference value="ValueSet/us-core-procedure-code"/>
      </reference>
      <exampleBoolean value="false"/>
    </resource>
    <resource>
      <extension url="http://hl7.org/fhir/StructureDefinition/implementationguide-page">
        <valueUri value="StructureDefinition-us-core-diagnosticreport-lab.html"/>
      </extension>
      <reference>
        <reference value="StructureDefinition/us-core-diagnosticreport-lab"/>
      </reference>
      <exampleBoolean value="false"/>
    </resource>
    <resource>
      <extension url="http://hl7.org/fhir/StructureDefinition/implementationguide-page">
        <valueUri value="SearchParameter-us-core-goal-patient.html"/>
      </extension>
      <reference>
        <reference value="SearchParameter/us-core-goal-patient"/>
      </reference>
      <exampleBoolean value="false"/>
    </resource>
    <resource>
      <extension url="http://hl7.org/fhir/StructureDefinition/implementationguide-page">
        <valueUri value="ValueSet-simple-language.html"/>
      </extension>
      <reference>
        <reference value="ValueSet/simple-language"/>
      </reference>
      <exampleBoolean value="false"/>
    </resource>
    <resource>
      <extension url="http://hl7.org/fhir/StructureDefinition/implementationguide-page">
        <valueUri value="SearchParameter-us-core-immunization-patient.html"/>
      </extension>
      <reference>
        <reference value="SearchParameter/us-core-immunization-patient"/>
      </reference>
      <exampleBoolean value="false"/>
    </resource>
    <resource>
      <extension url="http://hl7.org/fhir/StructureDefinition/implementationguide-page">
        <valueUri value="StructureDefinition-us-core-condition.html"/>
      </extension>
      <reference>
        <reference value="StructureDefinition/us-core-condition"/>
      </reference>
      <exampleBoolean value="false"/>
    </resource>
    <resource>
      <extension url="http://hl7.org/fhir/StructureDefinition/implementationguide-page">
        <valueUri value="StructureDefinition-pediatric-weight-for-height.html"/>
      </extension>
      <reference>
        <reference value="StructureDefinition/pediatric-weight-for-height"/>
      </reference>
      <exampleBoolean value="false"/>
    </resource>
    <resource>
      <extension url="http://hl7.org/fhir/StructureDefinition/implementationguide-page">
        <valueUri value="ValueSet-us-core-observation-value-codes.html"/>
      </extension>
      <reference>
        <reference value="ValueSet/us-core-observation-value-codes"/>
      </reference>
      <exampleBoolean value="false"/>
    </resource>
    <resource>
      <extension url="http://hl7.org/fhir/StructureDefinition/implementationguide-page">
        <valueUri value="SearchParameter-us-core-patient-id.html"/>
      </extension>
      <reference>
        <reference value="SearchParameter/us-core-patient-id"/>
      </reference>
      <exampleBoolean value="false"/>
    </resource>
    <resource>
      <extension url="http://hl7.org/fhir/StructureDefinition/implementationguide-page">
        <valueUri value="SearchParameter-us-core-location-address-city.html"/>
      </extension>
      <reference>
        <reference value="SearchParameter/us-core-location-address-city"/>
      </reference>
      <exampleBoolean value="false"/>
    </resource>
    <resource>
      <extension url="http://hl7.org/fhir/StructureDefinition/implementationguide-page">
        <valueUri value="StructureDefinition-us-core-goal.html"/>
      </extension>
      <reference>
        <reference value="StructureDefinition/us-core-goal"/>
      </reference>
      <exampleBoolean value="false"/>
    </resource>
    <resource>
      <extension url="http://hl7.org/fhir/StructureDefinition/implementationguide-page">
        <valueUri value="SearchParameter-us-core-careteam-status.html"/>
      </extension>
      <reference>
        <reference value="SearchParameter/us-core-careteam-status"/>
      </reference>
      <exampleBoolean value="false"/>
    </resource>
    <resource>
      <extension url="http://hl7.org/fhir/StructureDefinition/implementationguide-page">
        <valueUri value="CodeSystem-us-core-documentreference-category.html"/>
      </extension>
      <reference>
        <reference value="CodeSystem/us-core-documentreference-category"/>
      </reference>
      <exampleBoolean value="false"/>
    </resource>
    <resource>
      <extension url="http://hl7.org/fhir/StructureDefinition/implementationguide-page">
        <valueUri value="ValueSet-us-core-diagnosticreport-lab-codes.html"/>
      </extension>
      <reference>
        <reference value="ValueSet/us-core-diagnosticreport-lab-codes"/>
      </reference>
      <exampleBoolean value="false"/>
    </resource>
    <resource>
      <extension url="http://hl7.org/fhir/StructureDefinition/implementationguide-page">
        <valueUri value="CodeSystem-careplan-category.html"/>
      </extension>
      <reference>
        <reference value="CodeSystem/careplan-category"/>
      </reference>
      <exampleBoolean value="false"/>
    </resource>
    <resource>
      <extension url="http://hl7.org/fhir/StructureDefinition/implementationguide-page">
        <valueUri value="SearchParameter-us-core-documentreference-category.html"/>
      </extension>
      <reference>
        <reference value="SearchParameter/us-core-documentreference-category"/>
      </reference>
      <exampleBoolean value="false"/>
    </resource>
    <resource>
      <extension url="http://hl7.org/fhir/StructureDefinition/implementationguide-page">
        <valueUri value="CapabilityStatement-us-core-client.html"/>
      </extension>
      <reference>
        <reference value="CapabilityStatement/us-core-client"/>
      </reference>
      <exampleBoolean value="false"/>
    </resource>
    <resource>
      <extension url="http://hl7.org/fhir/StructureDefinition/implementationguide-page">
        <valueUri value="SearchParameter-us-core-practitioner-identifier.html"/>
      </extension>
      <reference>
        <reference value="SearchParameter/us-core-practitioner-identifier"/>
      </reference>
      <exampleBoolean value="false"/>
    </resource>
    <resource>
      <extension url="http://hl7.org/fhir/StructureDefinition/implementationguide-page">
        <valueUri value="SearchParameter-us-core-patient-identifier.html"/>
      </extension>
      <reference>
        <reference value="SearchParameter/us-core-patient-identifier"/>
      </reference>
      <exampleBoolean value="false"/>
    </resource>
    <resource>
      <extension url="http://hl7.org/fhir/StructureDefinition/implementationguide-page">
        <valueUri value="SearchParameter-us-core-condition-category.html"/>
      </extension>
      <reference>
        <reference value="SearchParameter/us-core-condition-category"/>
      </reference>
      <exampleBoolean value="false"/>
    </resource>
    <resource>
      <extension url="http://hl7.org/fhir/StructureDefinition/implementationguide-page">
        <valueUri value="SearchParameter-us-core-immunization-status.html"/>
      </extension>
      <reference>
        <reference value="SearchParameter/us-core-immunization-status"/>
      </reference>
      <exampleBoolean value="false"/>
    </resource>
    <resource>
      <extension url="http://hl7.org/fhir/StructureDefinition/implementationguide-page">
        <valueUri value="StructureDefinition-us-core-medicationrequest.html"/>
      </extension>
      <reference>
        <reference value="StructureDefinition/us-core-medicationrequest"/>
      </reference>
      <exampleBoolean value="false"/>
    </resource>
    <resource>
      <extension url="http://hl7.org/fhir/StructureDefinition/implementationguide-page">
        <valueUri value="ValueSet-detailed-race.html"/>
      </extension>
      <reference>
        <reference value="ValueSet/detailed-race"/>
      </reference>
      <exampleBoolean value="false"/>
    </resource>
    <page>
      <nameUrl value="index.html"/>
      <title value="Home"/>
      <generation value="markdown"/>
      <page>
        <nameUrl value="guidance.html"/>
        <title value="General Guidance"/>
        <generation value="markdown"/>
      </page>
      <page>
        <nameUrl value="profiles.html"/>
        <title value="Profiles and Extensions"/>
        <generation value="markdown"/>
        <page>
          <nameUrl value="StructureDefinition-us-core-immunization.html"/>
          <title value="StructureDefinition Us Core Immunization"/>
          <generation value="generated"/>
        </page>
        <page>
          <nameUrl value="StructureDefinition-us-core-practitionerrole.html"/>
          <title value="StructureDefinition Us Core PractitionerRole"/>
          <generation value="generated"/>
        </page>
        <page>
          <nameUrl value="StructureDefinition-us-core-observation-lab.html"/>
          <title value="StructureDefinition Us Core Observation Lab"/>
          <generation value="generated"/>
        </page>
        <page>
          <nameUrl value="StructureDefinition-pediatric-bmi-for-age.html"/>
          <title value="StructureDefinition Pediatric Bmi For Age"/>
          <generation value="generated"/>
        </page>
        <page>
          <nameUrl value="StructureDefinition-us-core-allergyintolerance.html"/>
          <title value="StructureDefinition Us Core AllergyIntolerance"/>
          <generation value="generated"/>
        </page>
        <page>
          <nameUrl value="StructureDefinition-us-core-practitioner.html"/>
          <title value="StructureDefinition Us Core Practitioner"/>
          <generation value="generated"/>
        </page>
        <page>
          <nameUrl value="StructureDefinition-us-core-diagnosticreport-note.html"/>
          <title value="StructureDefinition Us Core DiagnosticReport Note"/>
          <generation value="generated"/>
        </page>
        <page>
          <nameUrl value="StructureDefinition-us-core-birthsex.html"/>
          <title value="StructureDefinition Us Core Birthsex"/>
          <generation value="generated"/>
        </page>
        <page>
          <nameUrl value="StructureDefinition-us-core-encounter.html"/>
          <title value="StructureDefinition Us Core Encounter"/>
          <generation value="generated"/>
        </page>
        <page>
          <nameUrl value="StructureDefinition-us-core-patient.html"/>
          <title value="StructureDefinition Us Core Patient"/>
          <generation value="generated"/>
        </page>
        <page>
          <nameUrl value="StructureDefinition-us-core-medicationstatement.html"/>
          <title value="StructureDefinition Us Core MedicationStatement"/>
          <generation value="generated"/>
        </page>
        <page>
          <nameUrl value="StructureDefinition-us-core-location.html"/>
          <title value="StructureDefinition Us Core Location"/>
          <generation value="generated"/>
        </page>
        <page>
          <nameUrl value="StructureDefinition-us-core-procedure.html"/>
          <title value="StructureDefinition Us Core Procedure"/>
          <generation value="generated"/>
        </page>
        <page>
          <nameUrl value="StructureDefinition-us-core-medication.html"/>
          <title value="StructureDefinition Us Core Medication"/>
          <generation value="generated"/>
        </page>
        <page>
          <nameUrl value="StructureDefinition-us-core-documentreference.html"/>
          <title value="StructureDefinition Us Core DocumentReference"/>
          <generation value="generated"/>
        </page>
        <page>
          <nameUrl value="StructureDefinition-us-core-direct.html"/>
          <title value="StructureDefinition Us Core Direct"/>
          <generation value="generated"/>
        </page>
        <page>
          <nameUrl value="StructureDefinition-us-core-device.html"/>
          <title value="StructureDefinition Us Core Device"/>
          <generation value="generated"/>
        </page>
        <page>
          <nameUrl value="StructureDefinition-us-core-careteam.html"/>
          <title value="StructureDefinition Us Core CareTeam"/>
          <generation value="generated"/>
        </page>
        <page>
          <nameUrl value="StructureDefinition-us-core-ethnicity.html"/>
          <title value="StructureDefinition Us Core Ethnicity"/>
          <generation value="generated"/>
        </page>
        <page>
          <nameUrl value="StructureDefinition-us-core-careplan.html"/>
          <title value="StructureDefinition Us Core CarePlan"/>
          <generation value="generated"/>
        </page>
        <page>
          <nameUrl value="StructureDefinition-us-core-smokingstatus.html"/>
          <title value="StructureDefinition Us Core Smokingstatus"/>
          <generation value="generated"/>
        </page>
        <page>
          <nameUrl value="StructureDefinition-us-core-race.html"/>
          <title value="StructureDefinition Us Core Race"/>
          <generation value="generated"/>
        </page>
        <page>
          <nameUrl value="StructureDefinition-us-core-organization.html"/>
          <title value="StructureDefinition Us Core Organization"/>
          <generation value="generated"/>
        </page>
        <page>
          <nameUrl value="StructureDefinition-us-core-diagnosticreport-lab.html"/>
          <title value="StructureDefinition Us Core DiagnosticReport Lab"/>
          <generation value="generated"/>
        </page>
        <page>
          <nameUrl value="StructureDefinition-us-core-condition.html"/>
          <title value="StructureDefinition Us Core Condition"/>
          <generation value="generated"/>
        </page>
        <page>
          <nameUrl value="StructureDefinition-pediatric-weight-for-height.html"/>
          <title value="StructureDefinition Pediatric Weight For Height"/>
          <generation value="generated"/>
        </page>
        <page>
          <nameUrl value="StructureDefinition-us-core-goal.html"/>
          <title value="StructureDefinition Us Core Goal"/>
          <generation value="generated"/>
        </page>
        <page>
          <nameUrl value="StructureDefinition-us-core-medicationrequest.html"/>
          <title value="StructureDefinition Us Core MedicationRequest"/>
          <generation value="generated"/>
        </page>
      </page>
      <page>
        <nameUrl value="operations.html"/>
        <title value="Operations"/>
        <generation value="markdown"/>
        <page>
          <nameUrl value="OperationDefinition-docref.html"/>
          <title value="OperationDefinition Docref"/>
          <generation value="generated"/>
        </page>
      </page>
      <page>
        <nameUrl value="terminology.html"/>
        <title value="Terminology"/>
        <generation value="markdown"/>
        <page>
          <nameUrl value="ValueSet-us-core-medication-codes.html"/>
          <title value="ValueSet Us Core Medication Codes"/>
          <generation value="generated"/>
        </page>
        <page>
          <nameUrl value="ValueSet-us-core-observation-smokingstatus.html"/>
          <title value="ValueSet Us Core Observation Smokingstatus"/>
          <generation value="generated"/>
        </page>
        <page>
          <nameUrl value="ValueSet-omb-race-category.html"/>
          <title value="ValueSet Omb Race Category"/>
          <generation value="generated"/>
        </page>
        <page>
          <nameUrl value="ValueSet-us-core-allergy-substance.html"/>
          <title value="ValueSet Us Core Allergy Substance"/>
          <generation value="generated"/>
        </page>
        <page>
          <nameUrl value="ValueSet-us-core-narrative-status.html"/>
          <title value="ValueSet Us Core Narrative Status"/>
          <generation value="generated"/>
        </page>
        <page>
          <nameUrl value="ValueSet-us-core-documentreference-type.html"/>
          <title value="ValueSet Us Core DocumentReference Type"/>
          <generation value="generated"/>
        </page>
        <page>
          <nameUrl value="ValueSet-omb-ethnicity-category.html"/>
          <title value="ValueSet Omb Ethnicity Category"/>
          <generation value="generated"/>
        </page>
        <page>
          <nameUrl value="ValueSet-us-core-condition-category.html"/>
          <title value="ValueSet Us Core Condition Category"/>
          <generation value="generated"/>
        </page>
        <page>
          <nameUrl value="ValueSet-detailed-ethnicity.html"/>
          <title value="ValueSet Detailed Ethnicity"/>
          <generation value="generated"/>
        </page>
        <page>
          <nameUrl value="ValueSet-us-core-ndc-vaccine-codes.html"/>
          <title value="ValueSet Us Core Ndc Vaccine Codes"/>
          <generation value="generated"/>
        </page>
        <page>
          <nameUrl value="ValueSet-us-core-procedure-icd10pcs.html"/>
          <title value="ValueSet Us Core Procedure Icd10pcs"/>
          <generation value="generated"/>
        </page>
        <page>
          <nameUrl value="ValueSet-us-core-provider-specialty.html"/>
          <title value="ValueSet Us Core Provider Specialty"/>
          <generation value="generated"/>
        </page>
        <page>
          <nameUrl value="ValueSet-us-core-vaccines-cvx.html"/>
          <title value="ValueSet Us Core Vaccines Cvx"/>
          <generation value="generated"/>
        </page>
        <page>
          <nameUrl value="ValueSet-us-core-observation-smoking-status-status.html"/>
          <title value="ValueSet Us Core Observation Smoking Status Status"/>
          <generation value="generated"/>
        </page>
        <page>
          <nameUrl value="ValueSet-us-core-usps-state.html"/>
          <title value="ValueSet Us Core Usps State"/>
          <generation value="generated"/>
        </page>
        <page>
          <nameUrl value="ValueSet-us-core-encounter-type.html"/>
          <title value="ValueSet Us Core Encounter Type"/>
          <generation value="generated"/>
        </page>
        <page>
          <nameUrl value="ValueSet-us-core-problem.html"/>
          <title value="ValueSet Us Core Problem"/>
          <generation value="generated"/>
        </page>
        <page>
          <nameUrl value="ValueSet-birthsex.html"/>
          <title value="ValueSet Birthsex"/>
          <generation value="generated"/>
        </page>
        <page>
          <nameUrl value="ValueSet-us-core-diagnosticreport-report-and-note-codes.html"/>
          <title value="ValueSet Us Core DiagnosticReport Report And Note Codes"/>
          <generation value="generated"/>
        </page>
        <page>
          <nameUrl value="ValueSet-us-core-provider-role.html"/>
          <title value="ValueSet Us Core Provider Role"/>
          <generation value="generated"/>
        </page>
        <page>
          <nameUrl value="ValueSet-us-core-smoking-status-observation-codes.html"/>
          <title value="ValueSet Us Core Smoking Status Observation Codes"/>
          <generation value="generated"/>
        </page>
        <page>
          <nameUrl value="ValueSet-us-core-careteam-provider-roles.html"/>
          <title value="ValueSet Us Core CareTeam Provider Roles"/>
          <generation value="generated"/>
        </page>
        <page>
          <nameUrl value="ValueSet-us-core-diagnosticreport-category.html"/>
          <title value="ValueSet Us Core DiagnosticReport Category"/>
          <generation value="generated"/>
        </page>
        <page>
          <nameUrl value="ValueSet-us-core-clinical-note-type.html"/>
          <title value="ValueSet Us Core Clinical Note Type"/>
          <generation value="generated"/>
        </page>
        <page>
          <nameUrl value="ValueSet-us-core-documentreference-category.html"/>
          <title value="ValueSet Us Core DocumentReference Category"/>
          <generation value="generated"/>
        </page>
        <page>
          <nameUrl value="ValueSet-us-core-procedure-code.html"/>
          <title value="ValueSet Us Core Procedure Code"/>
          <generation value="generated"/>
        </page>
        <page>
          <nameUrl value="ValueSet-simple-language.html"/>
          <title value="ValueSet Simple Language"/>
          <generation value="generated"/>
        </page>
        <page>
          <nameUrl value="ValueSet-us-core-observation-value-codes.html"/>
          <title value="ValueSet Us Core Observation Value Codes"/>
          <generation value="generated"/>
        </page>
        <page>
          <nameUrl value="ValueSet-us-core-diagnosticreport-lab-codes.html"/>
          <title value="ValueSet Us Core DiagnosticReport Lab Codes"/>
          <generation value="generated"/>
        </page>
        <page>
          <nameUrl value="ValueSet-detailed-race.html"/>
          <title value="ValueSet Detailed Race"/>
          <generation value="generated"/>
        </page>
        <page>
          <nameUrl value="CodeSystem-cdcrec.html"/>
          <title value="CodeSystem Cdcrec"/>
          <generation value="generated"/>
        </page>
        <page>
          <nameUrl value="CodeSystem-condition-category.html"/>
          <title value="CodeSystem Condition Category"/>
          <generation value="generated"/>
        </page>
        <page>
          <nameUrl value="CodeSystem-us-core-documentreference-category.html"/>
          <title value="CodeSystem Us Core DocumentReference Category"/>
          <generation value="generated"/>
        </page>
        <page>
          <nameUrl value="CodeSystem-careplan-category.html"/>
          <title value="CodeSystem CarePlan Category"/>
          <generation value="generated"/>
        </page>
        <page>
          <nameUrl value="ConceptMap-ndc-cvx.html"/>
          <title value="ConceptMap Ndc Cvx"/>
          <generation value="generated"/>
        </page>
      </page>
      <page>
        <nameUrl value="searchparameters.html"/>
        <title value="Search Parameters"/>
        <generation value="markdown"/>
        <page>
          <nameUrl value="SearchParameter-us-core-location-address-state.html"/>
          <title value="SearchParameter Us Core Location Address State"/>
          <generation value="generated"/>
        </page>
        <page>
          <nameUrl value="SearchParameter-us-core-practitionerrole-practitioner.html"/>
          <title value="SearchParameter Us Core PractitionerRole Practitioner"/>
          <generation value="generated"/>
        </page>
        <page>
          <nameUrl value="SearchParameter-us-core-medicationstatement-status.html"/>
          <title value="SearchParameter Us Core MedicationStatement Status"/>
          <generation value="generated"/>
        </page>
        <page>
          <nameUrl value="SearchParameter-us-core-organization-name.html"/>
          <title value="SearchParameter Us Core Organization Name"/>
          <generation value="generated"/>
        </page>
        <page>
          <nameUrl value="SearchParameter-us-core-diagnosticreport-code.html"/>
          <title value="SearchParameter Us Core DiagnosticReport Code"/>
          <generation value="generated"/>
        </page>
        <page>
          <nameUrl value="SearchParameter-us-core-goal-lifecycle-status.html"/>
          <title value="SearchParameter Us Core Goal Lifecycle Status"/>
          <generation value="generated"/>
        </page>
        <page>
          <nameUrl value="SearchParameter-us-core-procedure-code.html"/>
          <title value="SearchParameter Us Core Procedure Code"/>
          <generation value="generated"/>
        </page>
        <page>
          <nameUrl value="SearchParameter-us-core-patient-gender.html"/>
          <title value="SearchParameter Us Core Patient Gender"/>
          <generation value="generated"/>
        </page>
        <page>
          <nameUrl value="SearchParameter-us-core-condition-clinical-status.html"/>
          <title value="SearchParameter Us Core Condition Clinical Status"/>
          <generation value="generated"/>
        </page>
        <page>
          <nameUrl value="SearchParameter-us-core-documentreference-id.html"/>
          <title value="SearchParameter Us Core DocumentReference Id"/>
          <generation value="generated"/>
        </page>
        <page>
          <nameUrl value="SearchParameter-us-core-careplan-category.html"/>
          <title value="SearchParameter Us Core CarePlan Category"/>
          <generation value="generated"/>
        </page>
        <page>
          <nameUrl value="SearchParameter-us-core-encounter-class.html"/>
          <title value="SearchParameter Us Core Encounter Class"/>
          <generation value="generated"/>
        </page>
        <page>
          <nameUrl value="SearchParameter-us-core-medicationrequest-patient.html"/>
          <title value="SearchParameter Us Core MedicationRequest Patient"/>
          <generation value="generated"/>
        </page>
        <page>
          <nameUrl value="SearchParameter-us-core-documentreference-patient.html"/>
          <title value="SearchParameter Us Core DocumentReference Patient"/>
          <generation value="generated"/>
        </page>
        <page>
          <nameUrl value="SearchParameter-us-core-diagnosticreport-date.html"/>
          <title value="SearchParameter Us Core DiagnosticReport Date"/>
          <generation value="generated"/>
        </page>
        <page>
          <nameUrl value="SearchParameter-us-core-procedure-date.html"/>
          <title value="SearchParameter Us Core Procedure Date"/>
          <generation value="generated"/>
        </page>
        <page>
          <nameUrl value="SearchParameter-us-core-allergyintolerance-clinical-status.html"/>
          <title value="SearchParameter Us Core AllergyIntolerance Clinical Status"/>
          <generation value="generated"/>
        </page>
        <page>
          <nameUrl value="SearchParameter-us-core-documentreference-date.html"/>
          <title value="SearchParameter Us Core DocumentReference Date"/>
          <generation value="generated"/>
        </page>
        <page>
          <nameUrl value="SearchParameter-us-core-location-address.html"/>
          <title value="SearchParameter Us Core Location Address"/>
          <generation value="generated"/>
        </page>
        <page>
          <nameUrl value="SearchParameter-us-core-practitioner-name.html"/>
          <title value="SearchParameter Us Core Practitioner Name"/>
          <generation value="generated"/>
        </page>
        <page>
          <nameUrl value="SearchParameter-us-core-documentreference-period.html"/>
          <title value="SearchParameter Us Core DocumentReference Period"/>
          <generation value="generated"/>
        </page>
        <page>
          <nameUrl value="SearchParameter-us-core-observation-code.html"/>
          <title value="SearchParameter Us Core Observation Code"/>
          <generation value="generated"/>
        </page>
        <page>
          <nameUrl value="SearchParameter-us-core-location-name.html"/>
          <title value="SearchParameter Us Core Location Name"/>
          <generation value="generated"/>
        </page>
        <page>
          <nameUrl value="SearchParameter-us-core-condition-onset-date.html"/>
          <title value="SearchParameter Us Core Condition Onset Date"/>
          <generation value="generated"/>
        </page>
        <page>
          <nameUrl value="SearchParameter-us-core-patient-given.html"/>
          <title value="SearchParameter Us Core Patient Given"/>
          <generation value="generated"/>
        </page>
        <page>
          <nameUrl value="SearchParameter-us-core-encounter-type.html"/>
          <title value="SearchParameter Us Core Encounter Type"/>
          <generation value="generated"/>
        </page>
        <page>
          <nameUrl value="SearchParameter-us-core-encounter-patient.html"/>
          <title value="SearchParameter Us Core Encounter Patient"/>
          <generation value="generated"/>
        </page>
        <page>
          <nameUrl value="SearchParameter-us-core-organization-address.html"/>
          <title value="SearchParameter Us Core Organization Address"/>
          <generation value="generated"/>
        </page>
        <page>
          <nameUrl value="SearchParameter-us-core-observation-category.html"/>
          <title value="SearchParameter Us Core Observation Category"/>
          <generation value="generated"/>
        </page>
        <page>
          <nameUrl value="SearchParameter-us-core-diagnosticreport-status.html"/>
          <title value="SearchParameter Us Core DiagnosticReport Status"/>
          <generation value="generated"/>
        </page>
        <page>
          <nameUrl value="SearchParameter-us-core-observation-date.html"/>
          <title value="SearchParameter Us Core Observation Date"/>
          <generation value="generated"/>
        </page>
        <page>
          <nameUrl value="SearchParameter-us-core-diagnosticreport-category.html"/>
          <title value="SearchParameter Us Core DiagnosticReport Category"/>
          <generation value="generated"/>
        </page>
        <page>
          <nameUrl value="SearchParameter-us-core-observation-status.html"/>
          <title value="SearchParameter Us Core Observation Status"/>
          <generation value="generated"/>
        </page>
        <page>
          <nameUrl value="SearchParameter-us-core-ethnicity.html"/>
          <title value="SearchParameter Us Core Ethnicity"/>
          <generation value="generated"/>
        </page>
        <page>
          <nameUrl value="SearchParameter-us-core-documentreference-type.html"/>
          <title value="SearchParameter Us Core DocumentReference Type"/>
          <generation value="generated"/>
        </page>
        <page>
          <nameUrl value="SearchParameter-us-core-encounter-date.html"/>
          <title value="SearchParameter Us Core Encounter Date"/>
          <generation value="generated"/>
        </page>
        <page>
          <nameUrl value="SearchParameter-us-core-patient-birthdate.html"/>
          <title value="SearchParameter Us Core Patient Birthdate"/>
          <generation value="generated"/>
        </page>
        <page>
          <nameUrl value="SearchParameter-us-core-procedure-status.html"/>
          <title value="SearchParameter Us Core Procedure Status"/>
          <generation value="generated"/>
        </page>
        <page>
          <nameUrl value="SearchParameter-us-core-encounter-status.html"/>
          <title value="SearchParameter Us Core Encounter Status"/>
          <generation value="generated"/>
        </page>
        <page>
          <nameUrl value="SearchParameter-us-core-careplan-status.html"/>
          <title value="SearchParameter Us Core CarePlan Status"/>
          <generation value="generated"/>
        </page>
        <page>
          <nameUrl value="SearchParameter-us-core-condition-patient.html"/>
          <title value="SearchParameter Us Core Condition Patient"/>
          <generation value="generated"/>
        </page>
        <page>
          <nameUrl value="SearchParameter-us-core-allergyintolerance-patient.html"/>
          <title value="SearchParameter Us Core AllergyIntolerance Patient"/>
          <generation value="generated"/>
        </page>
        <page>
          <nameUrl value="SearchParameter-us-core-device-patient.html"/>
          <title value="SearchParameter Us Core Device Patient"/>
          <generation value="generated"/>
        </page>
        <page>
          <nameUrl value="SearchParameter-us-core-condition-code.html"/>
          <title value="SearchParameter Us Core Condition Code"/>
          <generation value="generated"/>
        </page>
        <page>
          <nameUrl value="SearchParameter-us-core-observation-patient.html"/>
          <title value="SearchParameter Us Core Observation Patient"/>
          <generation value="generated"/>
        </page>
        <page>
          <nameUrl value="SearchParameter-us-core-race.html"/>
          <title value="SearchParameter Us Core Race"/>
          <generation value="generated"/>
        </page>
        <page>
          <nameUrl value="SearchParameter-us-core-careplan-patient.html"/>
          <title value="SearchParameter Us Core CarePlan Patient"/>
          <generation value="generated"/>
        </page>
        <page>
          <nameUrl value="SearchParameter-us-core-patient-family.html"/>
          <title value="SearchParameter Us Core Patient Family"/>
          <generation value="generated"/>
        </page>
        <page>
          <nameUrl value="SearchParameter-us-core-medicationrequest-status.html"/>
          <title value="SearchParameter Us Core MedicationRequest Status"/>
          <generation value="generated"/>
        </page>
        <page>
          <nameUrl value="SearchParameter-us-core-medicationstatement-effective.html"/>
          <title value="SearchParameter Us Core MedicationStatement Effective"/>
          <generation value="generated"/>
        </page>
        <page>
          <nameUrl value="SearchParameter-us-core-medicationstatement-patient.html"/>
          <title value="SearchParameter Us Core MedicationStatement Patient"/>
          <generation value="generated"/>
        </page>
        <page>
          <nameUrl value="SearchParameter-us-core-location-address-postalcode.html"/>
          <title value="SearchParameter Us Core Location Address Postalcode"/>
          <generation value="generated"/>
        </page>
        <page>
          <nameUrl value="SearchParameter-us-core-encounter-id.html"/>
          <title value="SearchParameter Us Core Encounter Id"/>
          <generation value="generated"/>
        </page>
        <page>
          <nameUrl value="SearchParameter-us-core-medicationrequest-authoredon.html"/>
          <title value="SearchParameter Us Core MedicationRequest Authoredon"/>
          <generation value="generated"/>
        </page>
        <page>
          <nameUrl value="SearchParameter-us-core-documentreference-status.html"/>
          <title value="SearchParameter Us Core DocumentReference Status"/>
          <generation value="generated"/>
        </page>
        <page>
          <nameUrl value="SearchParameter-us-core-procedure-patient.html"/>
          <title value="SearchParameter Us Core Procedure Patient"/>
          <generation value="generated"/>
        </page>
        <page>
          <nameUrl value="SearchParameter-us-core-goal-target-date.html"/>
          <title value="SearchParameter Us Core Goal Target Date"/>
          <generation value="generated"/>
        </page>
        <page>
          <nameUrl value="SearchParameter-us-core-diagnosticreport-patient.html"/>
          <title value="SearchParameter Us Core DiagnosticReport Patient"/>
          <generation value="generated"/>
        </page>
        <page>
          <nameUrl value="SearchParameter-us-core-careplan-date.html"/>
          <title value="SearchParameter Us Core CarePlan Date"/>
          <generation value="generated"/>
        </page>
        <page>
          <nameUrl value="SearchParameter-us-core-careteam-patient.html"/>
          <title value="SearchParameter Us Core CareTeam Patient"/>
          <generation value="generated"/>
        </page>
        <page>
          <nameUrl value="SearchParameter-us-core-immunization-date.html"/>
          <title value="SearchParameter Us Core Immunization Date"/>
          <generation value="generated"/>
        </page>
        <page>
          <nameUrl value="SearchParameter-us-core-encounter-identifier.html"/>
          <title value="SearchParameter Us Core Encounter Identifier"/>
          <generation value="generated"/>
        </page>
        <page>
          <nameUrl value="SearchParameter-us-core-practitionerrole-specialty.html"/>
          <title value="SearchParameter Us Core PractitionerRole Specialty"/>
          <generation value="generated"/>
        </page>
        <page>
          <nameUrl value="SearchParameter-us-core-patient-name.html"/>
          <title value="SearchParameter Us Core Patient Name"/>
          <generation value="generated"/>
        </page>
        <page>
          <nameUrl value="SearchParameter-us-core-device-type.html"/>
          <title value="SearchParameter Us Core Device Type"/>
          <generation value="generated"/>
        </page>
        <page>
          <nameUrl value="SearchParameter-us-core-goal-patient.html"/>
          <title value="SearchParameter Us Core Goal Patient"/>
          <generation value="generated"/>
        </page>
        <page>
          <nameUrl value="SearchParameter-us-core-immunization-patient.html"/>
          <title value="SearchParameter Us Core Immunization Patient"/>
          <generation value="generated"/>
        </page>
        <page>
          <nameUrl value="SearchParameter-us-core-patient-id.html"/>
          <title value="SearchParameter Us Core Patient Id"/>
          <generation value="generated"/>
        </page>
        <page>
          <nameUrl value="SearchParameter-us-core-location-address-city.html"/>
          <title value="SearchParameter Us Core Location Address City"/>
          <generation value="generated"/>
        </page>
        <page>
          <nameUrl value="SearchParameter-us-core-careteam-status.html"/>
          <title value="SearchParameter Us Core CareTeam Status"/>
          <generation value="generated"/>
        </page>
        <page>
          <nameUrl value="SearchParameter-us-core-documentreference-category.html"/>
          <title value="SearchParameter Us Core DocumentReference Category"/>
          <generation value="generated"/>
        </page>
        <page>
          <nameUrl value="SearchParameter-us-core-practitioner-identifier.html"/>
          <title value="SearchParameter Us Core Practitioner Identifier"/>
          <generation value="generated"/>
        </page>
        <page>
          <nameUrl value="SearchParameter-us-core-patient-identifier.html"/>
          <title value="SearchParameter Us Core Patient Identifier"/>
          <generation value="generated"/>
        </page>
        <page>
          <nameUrl value="SearchParameter-us-core-condition-category.html"/>
          <title value="SearchParameter Us Core Condition Category"/>
          <generation value="generated"/>
        </page>
        <page>
          <nameUrl value="SearchParameter-us-core-immunization-status.html"/>
          <title value="SearchParameter Us Core Immunization Status"/>
          <generation value="generated"/>
        </page>
      </page>
      <page>
        <nameUrl value="capstatements.html"/>
        <title value="Capability Statements"/>
        <generation value="markdown"/>
        <page>
          <nameUrl value="CapabilityStatement-us-core-server.html"/>
          <title value="CapabilityStatement Us Core Server"/>
          <generation value="generated"/>
        </page>
        <page>
          <nameUrl value="CapabilityStatement-us-core-client.html"/>
          <title value="CapabilityStatement Us Core Client"/>
          <generation value="generated"/>
        </page>
      </page>
      <page>
        <nameUrl value="security.html"/>
        <title value="Security"/>
        <generation value="markdown"/>
      </page>
      <page>
        <nameUrl value="downloads.html"/>
        <title value="Downloads"/>
        <generation value="markdown"/>
      </page>
      <page>
        <nameUrl value="all-examples.html"/>
        <title value="All Examples"/>
        <generation value="markdown"/>
      </page>
      <page>
        <nameUrl value="toc.html"/>
        <title value="Table of Contents"/>
        <generation value="html"/>
      </page>
    </page>
  </definition>
</ImplementationGuide>