{
  "resourceType": "Practitioner",
  "id": "e7D.u41Zv3VPrLmUp-mWnrQ3",
  "meta": {
    "profile": [
      "http://hl7.org/fhir/us/core/StructureDefinition/us-core-practitioner"
    ]
  },
  "text": {
    "status": "generated",
    "div": "<div xmlns=\"http://www.w3.org/1999/xhtml\"><p><b>Generated Narrative with Details</b></p><p><b>id</b>: e7D.u41Zv3VPrLmUp-mWnrQ3</p><p><b>meta</b>: </p><p><b>identifier</b>: PROVID = 1054 (USUAL), EPIC = 207Q00000X (USUAL), NPI = 1105499994 (USUAL), Epic = TEMP1054 (USUAL)</p><p><b>active</b>: true</p><p><b>name</b>: Physician Champion, MD</p><h3>Qualifications</h3><table class=\"grid\"><tr><td>-</td><td><b>Code</b></td></tr><tr><td>*</td><td>MD <span style=\"background: LightGoldenRodYellow\">(Details : {urn:oid:1.2.840.114350.1.13.0.1.7.4.836982.6000 code '11' = '11', given as 'MD'})</span></td></tr></table></div>"
  },
  "identifier": [
    {
      "use": "usual",
      "type": {
        "text": "PROVID"
      },
      "system": "PROVID",
      "value": "1054"
    },
    {
      "use": "usual",
      "type": {
        "text": "EPIC"
      },
      "system": "urn:oid:1.2.840.114350.1.13.0.1.7.5.737384.7",
      "value": "207Q00000X"
    },
    {
      "use": "usual",
      "type": {
        "text": "NPI"
      },
      "system": "urn:oid:1.2.840.114350.1.13.0.1.7.5.737384.60",
      "value": "1105499994"
    },
    {
      "use": "usual",
      "type": {
        "text": "Epic"
      },
      "system": "urn:oid:1.2.840.114350.1.13.0.1.7.5.737384.63",
      "value": "TEMP1054"
    }
  ],
  "active": true,
  "name": [
    {
      "use": "usual",
      "text": "Physician Champion, MD",
      "family": "Champion",
      "given": [
        "Physician"
      ]
    }
  ],
  "qualification": [
    {
      "code": {
        "coding": [
          {
            "system": "urn:oid:1.2.840.114350.1.13.0.1.7.4.836982.6000",
            "code": "11",
            "display": "MD"
          }
        ],
        "text": "MD"
      }
    }
  ]
}