{
  "resourceType": "SearchParameter",
  "id": "us-core-location-address",
  "text": {
    "status": "generated",
    "div": "<div xmlns=\"http://www.w3.org/1999/xhtml\"><h2>SearchParameter: USCoreLocationAddress</h2><p><b> description</b> : A (part of the) address of the location<br/>\n<em>NOTE</em>: This US Core SearchParameter definition extends the usage context of\n<a href=\"http://hl7.org/fhir/R4/extension-capabilitystatement-expectation.html\">capabilitystatement-expectation</a>\n extension to formally express implementer expectations for these elements:<br/>\n - multipleAnd<br/>\n - multipleOr<br/>\n - modifier<br/>\n - comparator<br/>\n - chain<br/>\n </p><br/><p><b> id</b> us-core-location-address</p><p><b> url</b> : <b> http://hl7.org/fhir/us/core/SearchParameter/us-core-location-address</b>\n\t\t\t</p><p><b> version</b> : 4.1.0</p><p><b> name</b> : USCoreLocationAddress</p><p><b> derivedFrom</b> : http://hl7.org/fhir/SearchParameter/Location-address\n\t\t\t</p><p><b> status</b> : active</p><p><b> experimental</b>  False</p><p><b> date</b> : 2019-05-15</p><p><b> publisher</b> : HL7 International - US Realm Steering Committee</p><p><b> contact</b> : http://www.hl7.org/Special/committees/usrealm/index.cfm</p><p><b> useContext</b> : </p><p><b> jurisdiction</b> : United States of America (the) <span> (Details : {urn:iso:std:iso:3166 code 'US' = 'United States of America', given as 'United\n           States of America (the)'})</span>\n\t\t\t</p>  <!-- <p>\n\t\t<b> purpose</b> : Need to search by identifier for various infrastructural cases - mainly retrieving packages,\n         and matching as part of a chain</p> --><p><b> code</b> : <code>address</code>\n\t\t\t</p><p><b> base</b> :Location</p><p><b> type</b> : string</p><p><b> expression</b> : <code>Location.address</code>\n\t\t\t</p><p><b> xpath</b> : <code>f:Location/f:address</code>\n\t\t\t</p><p><b> xpathUsage</b> : normal</p><p><b> mulitpleOr</b> : True   (Conformance Expectation = MAY)</p><p><b> mulitpleAnd</b> : True  ( Conformance Expectation = MAY)</p><p><b> modifier</b> : <code>missing</code>  (Conformance Expectation =  MAY)</p><p><b> modifier</b> : <code>exact</code>  (Conformance Expectation =  MAY)</p><p><b> modifier</b> : <code>contains</code>  (Conformance Expectation =  MAY)</p></div>"
  },
  "url": "http://hl7.org/fhir/us/core/SearchParameter/us-core-location-address",
  "version": "0.0.0",
  "name": "USCoreLocationAddress",
  "derivedFrom": "http://hl7.org/fhir/SearchParameter/Location-address",
  "status": "active",
  "experimental": false,
  "date": "2019-05-15T16:49:03-07:00",
  "publisher": "HL7 International - US Realm Steering Committee",
  "contact": [
    {
      "telecom": [
        {
          "system": "url",
          "value": "http://www.hl7.org/Special/committees/usrealm/index.cfm"
        }
      ]
    }
  ],
  "description": "A (part of the) address of the location<br />\n<em>NOTE</em>: This US Core SearchParameter definition extends the usage context of\n<a href=\"http://hl7.org/fhir/R4/extension-capabilitystatement-expectation.html\">capabilitystatement-expectation</a>\n extension to formally express implementer expectations for these elements:<br />\n - multipleAnd<br />\n - multipleOr<br />\n - modifier<br />\n - comparator<br />\n - chain<br />\n ",
  "jurisdiction": [
    {
      "coding": [
        {
          "system": "urn:iso:std:iso:3166",
          "code": "US",
          "display": "United States of America"
        }
      ]
    }
  ],
  "code": "address",
  "base": [
    "Location"
  ],
  "type": "string",
  "expression": "Location.address",
  "xpath": "f:Location/f:address",
  "xpathUsage": "normal",
  "multipleOr": true,
  "_multipleOr": {
    "extension": [
      {
        "url": "http://hl7.org/fhir/StructureDefinition/capabilitystatement-expectation",
        "valueCode": "MAY"
      }
    ]
  },
  "multipleAnd": true,
  "_multipleAnd": {
    "extension": [
      {
        "url": "http://hl7.org/fhir/StructureDefinition/capabilitystatement-expectation",
        "valueCode": "MAY"
      }
    ]
  },
  "modifier": [
    "missing",
    "exact",
    "contains"
  ]
}