<?xml version="1.0" encoding="UTF-8"?>

<SearchParameter xmlns="http://hl7.org/fhir">
  <id value="us-core-immunization-date"/>
  <text>
    <status value="generated"/><div xmlns="http://www.w3.org/1999/xhtml"><h2>SearchParameter: USCoreImmunizationDate</h2><p><b> description</b> : Vaccination  (non)-Administration Date<br></br>
<em>NOTE</em>: This US Core SearchParameter definition extends the usage context of
<a href="http://hl7.org/fhir/R4/extension-capabilitystatement-expectation.html">capabilitystatement-expectation</a>
 extension to formally express implementer expectations for these elements:<br></br>
 - multipleAnd<br></br>
 - multipleOr<br></br>
 - modifier<br></br>
 - comparator<br></br>
 - chain<br></br>
 </p><br></br><p><b> id</b> us-core-immunization-date</p><p><b> url</b> : <b> http://hl7.org/fhir/us/core/SearchParameter/us-core-immunization-date</b>
			</p><p><b> version</b> : 4.1.0</p><p><b> name</b> : USCoreImmunizationDate</p><p><b> derivedFrom</b> : http://hl7.org/fhir/SearchParameter/clinical-date
			</p><p><b> status</b> : active</p><p><b> experimental</b>  False</p><p><b> date</b> : 2019-05-15</p><p><b> publisher</b> : HL7 International - US Realm Steering Committee</p><p><b> contact</b> : http://www.hl7.org/Special/committees/usrealm/index.cfm</p><p><b> useContext</b> : </p><p><b> jurisdiction</b> : United States of America (the) <span> (Details : {urn:iso:std:iso:3166 code 'US' = 'United States of America', given as 'United
           States of America (the)'})</span>
			</p><!--
	<p>
		<b> purpose</b> : Need to search by identifier for various infrastructural cases - mainly retrieving packages,
         and matching as part of a chain</p>
  --><p><b> code</b> : <code>date</code>
			</p><p><b> base</b> :Immunization</p><p><b> type</b> : date</p><p><b> expression</b> : <code>Immunization.occurrence</code>
			</p><p><b> xpath</b> : <code>f:Immunization/f:occurrenceDateTime</code>
			</p><p><b> xpathUsage</b> : normal</p><p><b> mulitpleOr</b> : True   (Conformance Expectation = MAY)</p><p><b> mulitpleAnd</b> : True  ( Conformance Expectation = SHOULD)</p><p><b> comparator</b> : <code>eq</code> ( Conformance Expectation = MAY)</p><p><b> comparator</b> : <code>ne</code> ( Conformance Expectation = MAY)</p><p><b> comparator</b> : <code>gt</code> ( Conformance Expectation = SHALL)</p><p><b> comparator</b> : <code>lt</code> ( Conformance Expectation = SHALL)</p><p><b> comparator</b> : <code>le</code> ( Conformance Expectation = SHALL)</p><p><b> comparator</b> : <code>sa</code> ( Conformance Expectation = MAY)</p><p><b> comparator</b> : <code>eb</code> ( Conformance Expectation = MAY)</p><p><b> comparator</b> : <code>ap</code> ( Conformance Expectation = MAY)</p><p><b> modifier</b> : <code>missing</code>  (Conformance Expectation =  MAY)</p></div>
  </text>
  <url value="http://hl7.org/fhir/us/core/SearchParameter/us-core-immunization-date"/>
  <version value="4.1.0"/>
  <name value="USCoreImmunizationDate"/>
  <derivedFrom value="http://hl7.org/fhir/SearchParameter/clinical-date"/>
  <status value="active"/>
  <experimental value="false"/>
  <date value="2019-05-15T23:49:03.426376Z"/>
  <publisher value="HL7 International - US Realm Steering Committee"/>
  <contact>
    <telecom>
      <system value="url"/>
      <value value="http://www.hl7.org/Special/committees/usrealm/index.cfm"/>
    </telecom>
  </contact>
  <description value="Vaccination  (non)-Administration Date&lt;br /&gt;&#xA;&lt;em&gt;NOTE&lt;/em&gt;: This US Core SearchParameter definition extends the usage context of&#xA;&lt;a href=&quot;http://hl7.org/fhir/R4/extension-capabilitystatement-expectation.html&quot;&gt;capabilitystatement-expectation&lt;/a&gt;&#xA; extension to formally express implementer expectations for these elements:&lt;br /&gt;&#xA; - multipleAnd&lt;br /&gt;&#xA; - multipleOr&lt;br /&gt;&#xA; - modifier&lt;br /&gt;&#xA; - comparator&lt;br /&gt;&#xA; - chain&lt;br /&gt;&#xA; "/>
  <code value="date"/>
  <base value="Immunization"/>
  <type value="date"/>
  <expression value="Immunization.occurrence"/>
  <xpath value="f:Immunization/f:occurrenceDateTime"/>
  <xpathUsage value="normal"/>
  <multipleOr value="true">
    <extension url="http://hl7.org/fhir/StructureDefinition/capabilitystatement-expectation">
      <valueCode value="MAY"/>
    </extension>
  </multipleOr>
  <multipleAnd value="true">
    <extension url="http://hl7.org/fhir/StructureDefinition/capabilitystatement-expectation">
      <valueCode value="SHOULD"/>
    </extension>
  </multipleAnd>
  <comparator value="eq">
    <extension url="http://hl7.org/fhir/StructureDefinition/capabilitystatement-expectation">
      <valueCode value="MAY"/>
    </extension>
  </comparator>
  <comparator value="ne">
    <extension url="http://hl7.org/fhir/StructureDefinition/capabilitystatement-expectation">
      <valueCode value="MAY"/>
    </extension>
  </comparator>
  <comparator value="gt">
    <extension url="http://hl7.org/fhir/StructureDefinition/capabilitystatement-expectation">
      <valueCode value="SHALL"/>
    </extension>
  </comparator>
  <comparator value="lt">
    <extension url="http://hl7.org/fhir/StructureDefinition/capabilitystatement-expectation">
      <valueCode value="SHALL"/>
    </extension>
  </comparator>
  <comparator value="le">
    <extension url="http://hl7.org/fhir/StructureDefinition/capabilitystatement-expectation">
      <valueCode value="SHALL"/>
    </extension>
  </comparator>
  <comparator value="sa">
    <extension url="http://hl7.org/fhir/StructureDefinition/capabilitystatement-expectation">
      <valueCode value="MAY"/>
    </extension>
  </comparator>
  <comparator value="eb">
    <extension url="http://hl7.org/fhir/StructureDefinition/capabilitystatement-expectation">
      <valueCode value="MAY"/>
    </extension>
  </comparator>
  <comparator value="ap">
    <extension url="http://hl7.org/fhir/StructureDefinition/capabilitystatement-expectation">
      <valueCode value="MAY"/>
    </extension>
  </comparator>
  <modifier value="missing">
    <extension url="http://hl7.org/fhir/StructureDefinition/capabilitystatement-expectation">
      <valueCode value="MAY"/>
    </extension>
  </modifier>
</SearchParameter>