{
  "resourceType": "SearchParameter",
  "id": "us-core-observation-category",
  "text": {
    "status": "generated",
    "div": "<div xmlns=\"http://www.w3.org/1999/xhtml\"><h2>SearchParameter: USCoreObservationCategory</h2><p><b> description</b> : The classification of the type of observation<br></br>\n<em>NOTE</em>: This US Core SearchParameter definition extends the usage context of\n<a href=\"http://hl7.org/fhir/R4/extension-capabilitystatement-expectation.html\">capabilitystatement-expectation</a>\n extension to formally express implementer expectations for these elements:<br></br>\n - multipleAnd<br></br>\n - multipleOr<br></br>\n - modifier<br></br>\n - comparator<br></br>\n - chain<br></br>\n </p><br></br><p><b> id</b> us-core-observation-category</p><p><b> url</b> : <b> http://hl7.org/fhir/us/core/SearchParameter/us-core-observation-category</b>\n\t\t\t</p><p><b> version</b> : 4.1.0</p><p><b> name</b> : USCoreObservationCategory</p><p><b> derivedFrom</b> : http://hl7.org/fhir/SearchParameter/Observation-category\n\t\t\t</p><p><b> status</b> : active</p><p><b> experimental</b>  False</p><p><b> date</b> : 2019-05-15</p><p><b> publisher</b> : HL7 International - US Realm Steering Committee</p><p><b> contact</b> : http://www.hl7.org/Special/committees/usrealm/index.cfm</p><p><b> useContext</b> : </p><p><b> jurisdiction</b> : United States of America (the) <span> (Details : {urn:iso:std:iso:3166 code 'US' = 'United States of America', given as 'United\n           States of America (the)'})</span>\n\t\t\t</p><!--\n\t<p>\n\t\t<b> purpose</b> : Need to search by identifier for various infrastructural cases - mainly retrieving packages,\n         and matching as part of a chain</p>\n  --><p><b> code</b> : <code>category</code>\n\t\t\t</p><p><b> base</b> :Observation</p><p><b> type</b> : token</p><p><b> expression</b> : <code>Observation.category</code>\n\t\t\t</p><p><b> xpath</b> : <code>f:Observation/f:category</code>\n\t\t\t</p><p><b> xpathUsage</b> : normal</p><p><b> mulitpleOr</b> : True   (Conformance Expectation = MAY)</p><p><b> mulitpleAnd</b> : True  ( Conformance Expectation = MAY)</p><p><b> modifier</b> : <code>missing</code>  (Conformance Expectation =  MAY)</p><p><b> modifier</b> : <code>text</code>  (Conformance Expectation =  MAY)</p><p><b> modifier</b> : <code>not</code>  (Conformance Expectation =  MAY)</p><p><b> modifier</b> : <code>in</code>  (Conformance Expectation =  MAY)</p><p><b> modifier</b> : <code>not-in</code>  (Conformance Expectation =  MAY)</p><p><b> modifier</b> : <code>below</code>  (Conformance Expectation =  MAY)</p><p><b> modifier</b> : <code>above</code>  (Conformance Expectation =  MAY)</p><p><b> modifier</b> : <code>ofType</code>  (Conformance Expectation =  MAY)</p></div>"
  },
  "url": "http://hl7.org/fhir/us/core/SearchParameter/us-core-observation-category",
  "version": "4.1.0",
  "name": "USCoreObservationCategory",
  "derivedFrom": "http://hl7.org/fhir/SearchParameter/Observation-category",
  "status": "active",
  "experimental": false,
  "date": "2019-05-15T23:49:03.819160Z",
  "publisher": "HL7 International - US Realm Steering Committee",
  "contact": [
    {
      "telecom": [
        {
          "system": "url",
          "value": "http://www.hl7.org/Special/committees/usrealm/index.cfm"
        }
      ]
    }
  ],
  "description": "The classification of the type of observation<br />\n<em>NOTE</em>: This US Core SearchParameter definition extends the usage context of\n<a href=\"http://hl7.org/fhir/R4/extension-capabilitystatement-expectation.html\">capabilitystatement-expectation</a>\n extension to formally express implementer expectations for these elements:<br />\n - multipleAnd<br />\n - multipleOr<br />\n - modifier<br />\n - comparator<br />\n - chain<br />\n ",
  "code": "category",
  "base": [
    "Observation"
  ],
  "type": "token",
  "expression": "Observation.category",
  "xpath": "f:Observation/f:category",
  "xpathUsage": "normal",
  "multipleOr": true,
  "_multipleOr": {
    "extension": [
      {
        "url": "http://hl7.org/fhir/StructureDefinition/capabilitystatement-expectation",
        "valueCode": "MAY"
      }
    ]
  },
  "multipleAnd": true,
  "_multipleAnd": {
    "extension": [
      {
        "url": "http://hl7.org/fhir/StructureDefinition/capabilitystatement-expectation",
        "valueCode": "MAY"
      }
    ]
  },
  "modifier": [
    "missing",
    "text",
    "not",
    "in",
    "not-in",
    "below",
    "above",
    "ofType"
  ],
  "_modifier": [
    {
      "extension": [
        {
          "url": "http://hl7.org/fhir/StructureDefinition/capabilitystatement-expectation",
          "valueCode": "MAY"
        }
      ]
    },
    {
      "extension": [
        {
          "url": "http://hl7.org/fhir/StructureDefinition/capabilitystatement-expectation",
          "valueCode": "MAY"
        }
      ]
    },
    {
      "extension": [
        {
          "url": "http://hl7.org/fhir/StructureDefinition/capabilitystatement-expectation",
          "valueCode": "MAY"
        }
      ]
    },
    {
      "extension": [
        {
          "url": "http://hl7.org/fhir/StructureDefinition/capabilitystatement-expectation",
          "valueCode": "MAY"
        }
      ]
    },
    {
      "extension": [
        {
          "url": "http://hl7.org/fhir/StructureDefinition/capabilitystatement-expectation",
          "valueCode": "MAY"
        }
      ]
    },
    {
      "extension": [
        {
          "url": "http://hl7.org/fhir/StructureDefinition/capabilitystatement-expectation",
          "valueCode": "MAY"
        }
      ]
    },
    {
      "extension": [
        {
          "url": "http://hl7.org/fhir/StructureDefinition/capabilitystatement-expectation",
          "valueCode": "MAY"
        }
      ]
    },
    {
      "extension": [
        {
          "url": "http://hl7.org/fhir/StructureDefinition/capabilitystatement-expectation",
          "valueCode": "MAY"
        }
      ]
    }
  ]
}