{
  "resourceType": "SearchParameter",
  "id": "us-core-ethnicity",
  "text": {
    "status": "generated",
    "div": "<div xmlns=\"http://www.w3.org/1999/xhtml\"><p><b>Generated Narrative with Details</b></p><p><b>url</b>: <b>http://hl7.org/fhir/us/core/SearchParameter/us-core-ethnicity</b></p><p><b>name</b>: USCoreEthnicity</p><p><b>status</b>: ACTIVE</p><p><b>date</b>: May 21, 2019, 12:00:00 AM</p><p><b>publisher</b>: US Realm Steering Committee</p><p><b>contact</b>: </p><p><b>description</b>: Returns patients with an ethnicity extension matching the specified code.</p><p><b>code</b>: ethnicity</p><p><b>base</b>: Patient</p><p><b>type</b>: TOKEN</p><p><b>expression</b>: Patient.extension.where(url = 'http://hl7.org/fhir/us/core/StructureDefinition/us-core-ethnicity').extension.value.code</p><p><b>xpath</b>: f:Patient/f:extension[@url='http://hl7.org/fhir/us/core/StructureDefinition/us-core-ethnicity']/f:extension/f:valueCoding/f:code/@value</p><p><b>xpathUsage</b>: NORMAL</p></div>"
  },
  "url": "http://hl7.org/fhir/us/core/SearchParameter/us-core-ethnicity",
  "version": "0.0.0",
  "name": "USCoreEthnicity",
  "status": "active",
  "date": "2019-05-21T00:00:00-07:00",
  "publisher": "US Realm Steering Committee",
  "contact": [
    {
      "telecom": [
        {
          "system": "other",
          "value": "http://www.healthit.gov/"
        }
      ]
    }
  ],
  "description": "Returns patients with an ethnicity extension matching the specified code.",
  "jurisdiction": [
    {
      "coding": [
        {
          "system": "urn:iso:std:iso:3166",
          "code": "US",
          "display": "United States of America"
        }
      ]
    }
  ],
  "code": "ethnicity",
  "base": [
    "Patient"
  ],
  "type": "token",
  "expression": "Patient.extension.where(url = 'http://hl7.org/fhir/us/core/StructureDefinition/us-core-ethnicity').extension.value.code",
  "xpath": "f:Patient/f:extension[@url='http://hl7.org/fhir/us/core/StructureDefinition/us-core-ethnicity']/f:extension/f:valueCoding/f:code/@value",
  "xpathUsage": "normal"
}