<?xml version="1.0" encoding="UTF-8"?>

<SearchParameter xmlns="http://hl7.org/fhir">
  <id value="us-core-patient-gender"/>
  <text>
    <status value="generated"/><div xmlns="http://www.w3.org/1999/xhtml"><h2>SearchParameter: USCorePatientGender</h2><p><b> description</b> : Gender of the patient<br/>
<em>NOTE</em>: This US Core SearchParameter definition extends the usage context of
<a href="http://hl7.org/fhir/R4/extension-capabilitystatement-expectation.html">capabilitystatement-expectation</a>
 extension to formally express implementer expectations for these elements:<br/>
 - multipleAnd<br/>
 - multipleOr<br/>
 - modifier<br/>
 - comparator<br/>
 - chain<br/>
 </p><br/><p><b> id</b> us-core-patient-gender</p><p><b> url</b> : <b> http://hl7.org/fhir/us/core/SearchParameter/us-core-patient-gender</b>
			</p><p><b> version</b> : 4.1.0</p><p><b> name</b> : USCorePatientGender</p><p><b> derivedFrom</b> : http://hl7.org/fhir/SearchParameter/individual-gender
			</p><p><b> status</b> : active</p><p><b> experimental</b>  False</p><p><b> date</b> : 2019-05-23</p><p><b> publisher</b> : HL7 International - US Realm Steering Committee</p><p><b> contact</b> : http://www.hl7.org/Special/committees/usrealm/index.cfm</p><p><b> useContext</b> : </p><p><b> jurisdiction</b> : United States of America (the) <span> (Details : {urn:iso:std:iso:3166 code 'US' = 'United States of America', given as 'United
           States of America (the)'})</span>
			</p>  <!-- <p>
		<b> purpose</b> : Need to search by identifier for various infrastructural cases - mainly retrieving packages,
         and matching as part of a chain</p> --><p><b> code</b> : <code>gender</code>
			</p><p><b> base</b> :Patient</p><p><b> type</b> : token</p><p><b> expression</b> : <code>Patient.gender</code>
			</p><p><b> xpath</b> : <code>f:Patient/f:gender</code>
			</p><p><b> xpathUsage</b> : normal</p><p><b> mulitpleOr</b> : True   (Conformance Expectation = MAY)</p><p><b> mulitpleAnd</b> : True  ( Conformance Expectation = MAY)</p><p><b> modifier</b> : <code>missing</code>  (Conformance Expectation =  MAY)</p><p><b> modifier</b> : <code>text</code>  (Conformance Expectation =  MAY)</p><p><b> modifier</b> : <code>not</code>  (Conformance Expectation =  MAY)</p><p><b> modifier</b> : <code>in</code>  (Conformance Expectation =  MAY)</p><p><b> modifier</b> : <code>not-in</code>  (Conformance Expectation =  MAY)</p><p><b> modifier</b> : <code>below</code>  (Conformance Expectation =  MAY)</p><p><b> modifier</b> : <code>above</code>  (Conformance Expectation =  MAY)</p><p><b> modifier</b> : <code>ofType</code>  (Conformance Expectation =  MAY)</p></div>
  </text>
  <url value="http://hl7.org/fhir/us/core/SearchParameter/us-core-patient-gender"/>
  <version value="0.0.0"/>
  <name value="USCorePatientGender"/>
  <derivedFrom value="http://hl7.org/fhir/SearchParameter/individual-gender"/>
  <status value="active"/>
  <experimental value="false"/>
  <date value="2019-05-23T11:03:03-07:00"/>
  <publisher value="HL7 International - US Realm Steering Committee"/>
  <contact>
    <telecom>
      <system value="url"/>
      <value value="http://www.hl7.org/Special/committees/usrealm/index.cfm"/>
    </telecom>
  </contact>
  <description value="Gender of the patient&lt;br /&gt;&#xA;&lt;em&gt;NOTE&lt;/em&gt;: This US Core SearchParameter definition extends the usage context of&#xA;&lt;a href=&quot;http://hl7.org/fhir/R4/extension-capabilitystatement-expectation.html&quot;&gt;capabilitystatement-expectation&lt;/a&gt;&#xA; extension to formally express implementer expectations for these elements:&lt;br /&gt;&#xA; - multipleAnd&lt;br /&gt;&#xA; - multipleOr&lt;br /&gt;&#xA; - modifier&lt;br /&gt;&#xA; - comparator&lt;br /&gt;&#xA; - chain&lt;br /&gt;&#xA; "/>
  <jurisdiction>
    <coding>
      <system value="urn:iso:std:iso:3166"/>
      <code value="US"/>
      <display value="United States of America"/>
    </coding>
  </jurisdiction>
  <code value="gender"/>
  <base value="Patient"/>
  <type value="token"/>
  <expression value="Patient.gender"/>
  <xpath value="f:Patient/f:gender"/>
  <xpathUsage value="normal"/>
  <multipleOr value="true">
    <extension url="http://hl7.org/fhir/StructureDefinition/capabilitystatement-expectation">
      <valueCode value="MAY"/>
    </extension>
  </multipleOr>
  <multipleAnd value="true">
    <extension url="http://hl7.org/fhir/StructureDefinition/capabilitystatement-expectation">
      <valueCode value="MAY"/>
    </extension>
  </multipleAnd>
  <modifier value="missing"/>
  <modifier value="text"/>
  <modifier value="not"/>
  <modifier value="in"/>
  <modifier value="not-in"/>
  <modifier value="below"/>
  <modifier value="above"/>
  <modifier value="ofType"/>
</SearchParameter>