<?xml version="1.0" encoding="UTF-8"?>

<SearchParameter xmlns="http://hl7.org/fhir">
  <id value="us-core-ethnicity"/>
  <text>
    <status value="generated"/><div xmlns="http://www.w3.org/1999/xhtml"><p><b>Generated Narrative with Details</b></p><p><b>id</b>: us-core-ethnicity</p><p><b>url</b>: <b>http://hl7.org/fhir/us/core/SearchParameter/us-core-ethnicity</b></p><p><b>name</b>: USCoreEthnicity</p><p><b>status</b>: active</p><p><b>date</b>: May 21, 2019, 12:00:00 AM</p><p><b>publisher</b>: US Realm Steering Committee</p><p><b>contact</b>: </p><p><b>description</b>: Returns patients with an ethnicity extension matching the specified code.</p><p><b>code</b>: ethnicity</p><p><b>base</b>: Patient</p><p><b>type</b>: token</p><p><b>expression</b>: Patient.extension.where(url = 'http://hl7.org/fhir/us/core/StructureDefinition/us-core-ethnicity').extension.value.code</p><p><b>xpath</b>: f:Patient/f:extension[@url='http://hl7.org/fhir/us/core/StructureDefinition/us-core-ethnicity']/f:extension/f:valueCoding/f:code/@value</p><p><b>xpathUsage</b>: normal</p></div>
  </text>
  <url value="http://hl7.org/fhir/us/core/SearchParameter/us-core-ethnicity"/>
  <name value="USCoreEthnicity"/>
  <status value="active"/>
  <date value="2019-05-21"/>
  <publisher value="US Realm Steering Committee"/>
  <contact>
    <telecom>
      <system value="other"/>
      <value value="http://www.healthit.gov/"/>
    </telecom>
  </contact>
  <description value="Returns patients with an ethnicity extension matching the specified code."/>
  <code value="ethnicity"/>
  <base value="Patient"/>
  <type value="token"/>
  <expression value="Patient.extension.where(url = &#39;http://hl7.org/fhir/us/core/StructureDefinition/us-core-ethnicity&#39;).extension.value.code"/>
  <xpath value="f:Patient/f:extension[@url=&#39;http://hl7.org/fhir/us/core/StructureDefinition/us-core-ethnicity&#39;]/f:extension/f:valueCoding/f:code/@value"/>
  <xpathUsage value="normal"/>
</SearchParameter>