{
  "resourceType": "ValueSet",
  "id": "us-core-clinical-note-type",
  "text": {
    "status": "generated",
    "div": "<div xmlns=\"http://www.w3.org/1999/xhtml\"><h2>US Core Clinical Note Type</h2><div><p>The US Core Clinical Note Type Value Set is a 'starter set' of types supported for fetching and storing clinical notes.</p>\n</div><p><b>Copyright Statement:</b>  This content LOINC® is copyright © 1995 Regenstrief Institute, Inc. and the LOINC Committee, and available at no cost under the license at http://loinc.org/terms-of-use</p><p>This value set includes codes from the following code systems:</p><ul><li>Include these codes as defined in <a href=\"http://loinc.org\"><code>http://loinc.org</code></a><table class=\"none\"><tr><td style=\"white-space:nowrap\"><b>Code</b></td><td><b>Display</b></td></tr><tr><td><a href=\"http://details.loinc.org/LOINC/18842-5.html\">18842-5</a></td><td>Discharge summary</td><td/></tr><tr><td><a href=\"http://details.loinc.org/LOINC/11488-4.html\">11488-4</a></td><td>Consult note</td><td/></tr><tr><td><a href=\"http://details.loinc.org/LOINC/34117-2.html\">34117-2</a></td><td>History and physical note</td><td/></tr><tr><td><a href=\"http://details.loinc.org/LOINC/11506-3.html\">11506-3</a></td><td>Progress note</td><td/></tr><tr><td><a href=\"http://details.loinc.org/LOINC/28570-0.html\">28570-0</a></td><td>Procedure note</td><td/></tr></table></li></ul></div>"
  },
  "url": "http://hl7.org/fhir/us/core/ValueSet/us-core-clinical-note-type",
  "version": "0.0.0",
  "name": "USCoreClinicalNoteType",
  "title": "US Core Clinical Note Type",
  "status": "active",
  "date": "2019-05-21T00:00:00-07:00",
  "publisher": "HL7 US Realm Steering Committee",
  "contact": [
    {
      "telecom": [
        {
          "system": "other",
          "value": "http://hl7.org/fhir"
        }
      ]
    }
  ],
  "description": "The US Core Clinical Note Type Value Set is a 'starter set' of types supported for fetching and storing clinical notes.",
  "jurisdiction": [
    {
      "coding": [
        {
          "system": "urn:iso:std:iso:3166",
          "code": "US",
          "display": "United States of America"
        }
      ]
    }
  ],
  "copyright": " This content LOINC® is copyright © 1995 Regenstrief Institute, Inc. and the LOINC Committee, and available at no cost under the license at http://loinc.org/terms-of-use",
  "compose": {
    "include": [
      {
        "system": "http://loinc.org",
        "concept": [
          {
            "code": "18842-5"
          },
          {
            "code": "11488-4"
          },
          {
            "code": "34117-2"
          },
          {
            "code": "11506-3"
          },
          {
            "code": "28570-0"
          }
        ]
      }
    ]
  }
}