<?xml version="1.0" encoding="UTF-8"?>

<ValueSet xmlns="http://hl7.org/fhir">
  <id value="us-core-vaccines-cvx"/>
  <text>
    <status value="generated"/><div xmlns="http://www.w3.org/1999/xhtml"><h2>US Core Vaccine Administered Value Set (CVX)</h2><div><p>This identifies the vaccine substance administered - CVX codes. <strong>Inclusion Criteria:</strong>  Any CVX code with CVX  'status' (VSAC Property) = <code>Active</code>,<code>Inactive</code>, <code>Non-US</code> except  those noted in exclusions.  <strong>Exclusion Criteria:</strong>  CVX codes that have a CVX  'status' of either <code>Pending</code> or <code>Never Active</code> AND CVX  codes with CVX 'Nonvaccine' property = True.  Available at http://www2a.cdc.gov/vaccines/iis/iisstandards/vaccines.asp?rpt=cvx</p>
</div><p>This value set includes codes from the following code systems:</p><ul><li>Include these codes as defined in <code>http://hl7.org/fhir/sid/cvx</code><table class="none"><tr><td style="white-space:nowrap"><b>Code</b></td><td><b>Display</b></td></tr><tr><td>01</td><td>diphtheria, tetanus toxoids and pertussis vaccine</td><td/></tr><tr><td>02</td><td>trivalent poliovirus vaccine, live, oral</td><td/></tr><tr><td>03</td><td>measles, mumps and rubella virus vaccine</td><td/></tr><tr><td>04</td><td>measles and rubella virus vaccine</td><td/></tr><tr><td>05</td><td>measles virus vaccine</td><td/></tr><tr><td>06</td><td>rubella virus vaccine</td><td/></tr><tr><td>07</td><td>mumps virus vaccine</td><td/></tr><tr><td>08</td><td>hepatitis B vaccine, pediatric or pediatric/adolescent dosage</td><td/></tr><tr><td>09</td><td>tetanus and diphtheria toxoids, adsorbed, preservative free, for adult use (2 Lf of tetanus toxoid and 2 Lf of diphtheria toxoid)</td><td/></tr><tr><td>10</td><td>poliovirus vaccine, inactivated</td><td/></tr><tr><td>100</td><td>pneumococcal conjugate vaccine, 7 valent</td><td/></tr><tr><td>101</td><td>typhoid Vi capsular polysaccharide vaccine</td><td/></tr><tr><td>102</td><td>DTP- Haemophilus influenzae type b conjugate and hepatitis b vaccine</td><td/></tr><tr><td>103</td><td>meningococcal C conjugate vaccine</td><td/></tr><tr><td>104</td><td>hepatitis A and hepatitis B vaccine</td><td/></tr><tr><td>105</td><td>vaccinia (smallpox) vaccine, diluted</td><td/></tr><tr><td>106</td><td>diphtheria, tetanus toxoids and acellular pertussis vaccine, 5 pertussis antigens</td><td/></tr><tr><td>107</td><td>diphtheria, tetanus toxoids and acellular pertussis vaccine, unspecified formulation</td><td/></tr><tr><td>108</td><td>meningococcal ACWY vaccine, unspecified formulation</td><td/></tr><tr><td>109</td><td>pneumococcal vaccine, unspecified formulation</td><td/></tr><tr><td>11</td><td>pertussis vaccine</td><td/></tr><tr><td>110</td><td>DTaP-hepatitis B and poliovirus vaccine</td><td/></tr><tr><td>111</td><td>influenza virus vaccine, live, attenuated, for intranasal use</td><td/></tr><tr><td>112</td><td>tetanus toxoid, unspecified formulation</td><td/></tr><tr><td>113</td><td>tetanus and diphtheria toxoids, adsorbed, preservative free, for adult use (5 Lf of tetanus toxoid and 2 Lf of diphtheria toxoid)</td><td/></tr><tr><td>114</td><td>meningococcal polysaccharide (groups A, C, Y and W-135) diphtheria toxoid conjugate vaccine (MCV4P)</td><td/></tr><tr><td>115</td><td>tetanus toxoid, reduced diphtheria toxoid, and acellular pertussis vaccine, adsorbed</td><td/></tr><tr><td>116</td><td>rotavirus, live, pentavalent vaccine</td><td/></tr><tr><td>117</td><td>varicella zoster immune globulin (Investigational New Drug)</td><td/></tr><tr><td>118</td><td>human papilloma virus vaccine, bivalent</td><td/></tr><tr><td>119</td><td>rotavirus, live, monovalent vaccine</td><td/></tr><tr><td>12</td><td>diphtheria antitoxin</td><td/></tr><tr><td>120</td><td>diphtheria, tetanus toxoids and acellular pertussis vaccine, Haemophilus influenzae type b conjugate, and poliovirus vaccine, inactivated (DTaP-Hib-IPV)</td><td/></tr><tr><td>121</td><td>zoster vaccine, live</td><td/></tr><tr><td>122</td><td>rotavirus vaccine, unspecified formulation</td><td/></tr><tr><td>123</td><td>influenza virus vaccine, H5N1, A/Vietnam/1203/2004 (national stockpile)</td><td/></tr><tr><td>125</td><td>Novel Influenza-H1N1-09, live virus for nasal administration</td><td/></tr><tr><td>126</td><td>Novel influenza-H1N1-09, preservative-free, injectable</td><td/></tr><tr><td>127</td><td>Novel influenza-H1N1-09, injectable</td><td/></tr><tr><td>128</td><td>Novel influenza-H1N1-09, all formulations</td><td/></tr><tr><td>129</td><td>Japanese Encephalitis vaccine, unspecified formulation</td><td/></tr><tr><td>13</td><td>tetanus immune globulin</td><td/></tr><tr><td>130</td><td>Diphtheria, tetanus toxoids and acellular pertussis vaccine, and poliovirus vaccine, inactivated</td><td/></tr><tr><td>131</td><td>Historical record of a typhus vaccination</td><td/></tr><tr><td>132</td><td>Historical diphtheria and tetanus toxoids and acellular pertussis, poliovirus, Haemophilus b conjugate and hepatitis B (recombinant) vaccine.</td><td/></tr><tr><td>133</td><td>pneumococcal conjugate vaccine, 13 valent</td><td/></tr><tr><td>134</td><td>Japanese Encephalitis vaccine for intramuscular administration</td><td/></tr><tr><td>135</td><td>influenza, high dose seasonal, preservative-free</td><td/></tr><tr><td>136</td><td>meningococcal oligosaccharide (groups A, C, Y and W-135) diphtheria toxoid conjugate vaccine (MCV4O)</td><td/></tr><tr><td>137</td><td>HPV, unspecified formulation</td><td/></tr><tr><td>138</td><td>tetanus and diphtheria toxoids, not adsorbed, for adult use</td><td/></tr><tr><td>139</td><td>Td(adult) unspecified formulation</td><td/></tr><tr><td>14</td><td>immune globulin, unspecified formulation</td><td/></tr><tr><td>140</td><td>Influenza, seasonal, injectable, preservative free</td><td/></tr><tr><td>141</td><td>Influenza, seasonal, injectable</td><td/></tr><tr><td>142</td><td>tetanus toxoid, not adsorbed</td><td/></tr><tr><td>143</td><td>Adenovirus, type 4 and type 7, live, oral</td><td/></tr><tr><td>144</td><td>seasonal influenza, intradermal, preservative free</td><td/></tr><tr><td>147</td><td>Meningococcal, MCV4, unspecified conjugate formulation(groups A, C, Y and W-135)</td><td/></tr><tr><td>148</td><td>Meningococcal Groups C and Y and Haemophilus b Tetanus Toxoid Conjugate Vaccine</td><td/></tr><tr><td>149</td><td>influenza, live, intranasal, quadrivalent</td><td/></tr><tr><td>15</td><td>influenza virus vaccine, split virus (incl. purified surface antigen)-retired CODE</td><td/></tr><tr><td>150</td><td>Influenza, injectable, quadrivalent, preservative free</td><td/></tr><tr><td>151</td><td>influenza nasal, unspecified formulation</td><td/></tr><tr><td>152</td><td>Pneumococcal Conjugate, unspecified formulation</td><td/></tr><tr><td>153</td><td>Influenza, injectable, Madin Darby Canine Kidney, preservative free</td><td/></tr><tr><td>155</td><td>Seasonal, trivalent, recombinant, injectable influenza vaccine, preservative free</td><td/></tr><tr><td>156</td><td>Rho(D) Immune globulin- IV or IM</td><td/></tr><tr><td>157</td><td>Rho(D) Immune globulin - IM</td><td/></tr><tr><td>158</td><td>influenza, injectable, quadrivalent, contains preservative</td><td/></tr><tr><td>159</td><td>Rho(D) Unspecified formulation</td><td/></tr><tr><td>16</td><td>influenza virus vaccine, whole virus</td><td/></tr><tr><td>160</td><td>Influenza A monovalent (H5N1), adjuvanted, National stockpile 2013</td><td/></tr><tr><td>161</td><td>Influenza, injectable,quadrivalent, preservative free, pediatric</td><td/></tr><tr><td>162</td><td>meningococcal B vaccine, fully recombinant</td><td/></tr><tr><td>163</td><td>meningococcal B vaccine, recombinant, OMV, adjuvanted</td><td/></tr><tr><td>164</td><td>meningococcal B, unspecified formulation</td><td/></tr><tr><td>165</td><td>Human Papillomavirus 9-valent vaccine</td><td/></tr><tr><td>166</td><td>influenza, intradermal, quadrivalent, preservative free, injectable</td><td/></tr><tr><td>167</td><td>meningococcal vaccine of unknown formulation and unknown serogroups</td><td/></tr><tr><td>168</td><td>Seasonal trivalent influenza vaccine, adjuvanted, preservative free</td><td/></tr><tr><td>169</td><td>Hep A, live attenuated-IM</td><td/></tr><tr><td>17</td><td>Haemophilus influenzae type b vaccine, conjugate unspecified formulation</td><td/></tr><tr><td>170</td><td>non-US diphtheria, tetanus toxoids and acellular pertussis vaccine, Haemophilus influenzae type b conjugate, and poliovirus vaccine, inactivated (DTaP-Hib-IPV)</td><td/></tr><tr><td>171</td><td>Influenza, injectable, Madin Darby Canine Kidney, preservative free, quadrivalent</td><td/></tr><tr><td>172</td><td>cholera, WC-rBS</td><td/></tr><tr><td>173</td><td>cholera, BivWC</td><td/></tr><tr><td>174</td><td>cholera, live attenuated</td><td/></tr><tr><td>175</td><td>Human Rabies vaccine from human diploid cell culture</td><td/></tr><tr><td>176</td><td>Human rabies vaccine from Chicken fibroblast culture</td><td/></tr><tr><td>177</td><td>pneumococcal conjugate vaccine, 10 valent</td><td/></tr><tr><td>178</td><td>Non-US bivalent oral polio vaccine (types 1 and 3)</td><td/></tr><tr><td>179</td><td>Non-US monovalent oral polio vaccine, unspecified formulation</td><td/></tr><tr><td>18</td><td>rabies vaccine, for intramuscular injection RETIRED CODE</td><td/></tr><tr><td>180</td><td>tetanus immune globulin</td><td/></tr><tr><td>181</td><td>anthrax immune globulin</td><td/></tr><tr><td>182</td><td>Oral Polio Vaccine, Unspecified formulation</td><td/></tr><tr><td>183</td><td>Yellow fever vaccine alternative formulation</td><td/></tr><tr><td>184</td><td>Yellow fever vaccine, unspecified formulation</td><td/></tr><tr><td>185</td><td>Seasonal, quadrivalent, recombinant, injectable influenza vaccine, preservative free</td><td/></tr><tr><td>186</td><td>Influenza, injectable, Madin Darby Canine Kidney,  quadrivalent with preservative</td><td/></tr><tr><td>187</td><td>zoster vaccine recombinant</td><td/></tr><tr><td>188</td><td>zoster vaccine, unspecified formulation</td><td/></tr><tr><td>189</td><td>Hepatitis B vaccine (recombinant), CpG adjuvanted</td><td/></tr><tr><td>19</td><td>Bacillus Calmette-Guerin vaccine</td><td/></tr><tr><td>20</td><td>diphtheria, tetanus toxoids and acellular pertussis vaccine</td><td/></tr><tr><td>21</td><td>varicella virus vaccine</td><td/></tr><tr><td>22</td><td>DTP-Haemophilus influenzae type b conjugate vaccine</td><td/></tr><tr><td>23</td><td>plague vaccine</td><td/></tr><tr><td>24</td><td>anthrax vaccine</td><td/></tr><tr><td>25</td><td>typhoid vaccine, live, oral</td><td/></tr><tr><td>26</td><td>cholera vaccine, unspecified formulation</td><td/></tr><tr><td>27</td><td>botulinum antitoxin</td><td/></tr><tr><td>28</td><td>diphtheria and tetanus toxoids, adsorbed for pediatric use</td><td/></tr><tr><td>29</td><td>cytomegalovirus immune globulin, intravenous</td><td/></tr><tr><td>30</td><td>hepatitis B immune globulin</td><td/></tr><tr><td>31</td><td>hepatitis A vaccine, pediatric dosage, unspecified formulation</td><td/></tr><tr><td>32</td><td>meningococcal polysaccharide vaccine (MPSV4)</td><td/></tr><tr><td>33</td><td>pneumococcal polysaccharide vaccine, 23 valent</td><td/></tr><tr><td>34</td><td>rabies immune globulin</td><td/></tr><tr><td>35</td><td>tetanus toxoid, adsorbed</td><td/></tr><tr><td>36</td><td>varicella zoster immune globulin</td><td/></tr><tr><td>37</td><td>yellow fever vaccine</td><td/></tr><tr><td>38</td><td>rubella and mumps virus vaccine</td><td/></tr><tr><td>39</td><td>Japanese Encephalitis Vaccine SC</td><td/></tr><tr><td>40</td><td>rabies vaccine, for intradermal injection</td><td/></tr><tr><td>41</td><td>typhoid vaccine, parenteral, other than acetone-killed, dried</td><td/></tr><tr><td>42</td><td>hepatitis B vaccine, adolescent/high risk infant dosage</td><td/></tr><tr><td>43</td><td>hepatitis B vaccine, adult dosage</td><td/></tr><tr><td>44</td><td>hepatitis B vaccine, dialysis patient dosage</td><td/></tr><tr><td>45</td><td>hepatitis B vaccine, unspecified formulation</td><td/></tr><tr><td>46</td><td>Haemophilus influenzae type b vaccine, PRP-D conjugate</td><td/></tr><tr><td>47</td><td>Haemophilus influenzae type b vaccine, HbOC conjugate</td><td/></tr><tr><td>48</td><td>Haemophilus influenzae type b vaccine, PRP-T conjugate</td><td/></tr><tr><td>49</td><td>Haemophilus influenzae type b vaccine, PRP-OMP conjugate</td><td/></tr><tr><td>50</td><td>DTaP-Haemophilus influenzae type b conjugate vaccine</td><td/></tr><tr><td>51</td><td>Haemophilus influenzae type b conjugate and Hepatitis B vaccine</td><td/></tr><tr><td>52</td><td>hepatitis A vaccine, adult dosage</td><td/></tr><tr><td>53</td><td>typhoid vaccine, parenteral, acetone-killed, dried (U.S. military)</td><td/></tr><tr><td>54</td><td>adenovirus vaccine, type 4, live, oral</td><td/></tr><tr><td>55</td><td>adenovirus vaccine, type 7, live, oral</td><td/></tr><tr><td>62</td><td>human papilloma virus vaccine, quadrivalent</td><td/></tr><tr><td>66</td><td>Lyme disease vaccine</td><td/></tr><tr><td>69</td><td>parainfluenza-3 virus vaccine</td><td/></tr><tr><td>71</td><td>respiratory syncytial virus immune globulin, intravenous</td><td/></tr><tr><td>74</td><td>rotavirus, live, tetravalent vaccine</td><td/></tr><tr><td>75</td><td>vaccinia (smallpox) vaccine</td><td/></tr><tr><td>76</td><td>Staphylococcus bacteriophage lysate</td><td/></tr><tr><td>77</td><td>tick-borne encephalitis vaccine</td><td/></tr><tr><td>78</td><td>tularemia vaccine</td><td/></tr><tr><td>79</td><td>vaccinia immune globulin</td><td/></tr><tr><td>80</td><td>Venezuelan equine encephalitis, live, attenuated</td><td/></tr><tr><td>801</td><td>AS03 Adjuvant</td><td/></tr><tr><td>81</td><td>Venezuelan equine encephalitis, inactivated</td><td/></tr><tr><td>82</td><td>adenovirus vaccine, unspecified formulation</td><td/></tr><tr><td>83</td><td>hepatitis A vaccine, pediatric/adolescent dosage, 2 dose schedule</td><td/></tr><tr><td>84</td><td>hepatitis A vaccine, pediatric/adolescent dosage, 3 dose schedule</td><td/></tr><tr><td>85</td><td>hepatitis A vaccine, unspecified formulation</td><td/></tr><tr><td>86</td><td>immune globulin, intramuscular</td><td/></tr><tr><td>87</td><td>immune globulin, intravenous</td><td/></tr><tr><td>88</td><td>influenza virus vaccine, unspecified formulation</td><td/></tr><tr><td>89</td><td>poliovirus vaccine, unspecified formulation</td><td/></tr><tr><td>90</td><td>rabies vaccine, unspecified formulation</td><td/></tr><tr><td>91</td><td>typhoid vaccine, unspecified formulation</td><td/></tr><tr><td>92</td><td>Venezuelan equine encephalitis vaccine, unspecified formulation</td><td/></tr><tr><td>93</td><td>respiratory syncytial virus monoclonal antibody (palivizumab), intramuscular</td><td/></tr><tr><td>94</td><td>measles, mumps, rubella, and varicella virus vaccine</td><td/></tr><tr><td>95</td><td>tuberculin skin test; old tuberculin, multipuncture device</td><td/></tr><tr><td>96</td><td>tuberculin skin test; purified protein derivative solution, intradermal</td><td/></tr><tr><td>97</td><td>tuberculin skin test; purified protein derivative, multipuncture device</td><td/></tr><tr><td>98</td><td>tuberculin skin test; unspecified formulation</td><td/></tr><tr><td>998</td><td>no vaccine administered</td><td/></tr></table></li></ul></div>
  </text>
  <url value="http://hl7.org/fhir/us/core/ValueSet/us-core-vaccines-cvx"/>
  <identifier>
    <system value="urn:ietf:rfc:3986"/>
    <value value="urn:oid:2.16.840.1.113762.1.4.1010.6"/>
  </identifier>
  <identifier>
    <system value="urn:ietf:rfc:3986"/>
    <value value="urn:oid:2.16.840.1.113883.3.88.12.80.22"/>
  </identifier>
  <version value="0.0.0"/>
  <name value="USCoreVaccineAdministeredValueSetCvx"/>
  <title value="US Core Vaccine Administered Value Set (CVX)"/>
  <status value="active"/>
  <date value="2019-05-21T00:00:00-07:00"/>
  <publisher value="HL7 US Realm Steering Committee"/>
  <contact>
    <telecom>
      <system value="other"/>
      <value value="http://hl7.org/fhir"/>
    </telecom>
  </contact>
  <description value="This identifies the vaccine substance administered - CVX codes. **Inclusion Criteria:**  Any CVX code with CVX  &#39;status&#39; (VSAC Property) = `Active`,` Inactive`, `Non-US` except  those noted in exclusions.  **Exclusion Criteria:**  CVX codes that have a CVX  &#39;status&#39; of either `Pending` or `Never Active` AND CVX  codes with CVX &#39;Nonvaccine&#39; property = True.  Available at http://www2a.cdc.gov/vaccines/iis/iisstandards/vaccines.asp?rpt=cvx"/>
  <jurisdiction>
    <coding>
      <system value="urn:iso:std:iso:3166"/>
      <code value="US"/>
      <display value="United States of America"/>
    </coding>
  </jurisdiction>
  <compose>
    <include>
      <system value="http://hl7.org/fhir/sid/cvx"/>
      <concept>
        <code value="01"/>
        <display value="diphtheria, tetanus toxoids and pertussis vaccine"/>
      </concept>
      <concept>
        <code value="02"/>
        <display value="trivalent poliovirus vaccine, live, oral"/>
      </concept>
      <concept>
        <code value="03"/>
        <display value="measles, mumps and rubella virus vaccine"/>
      </concept>
      <concept>
        <code value="04"/>
        <display value="measles and rubella virus vaccine"/>
      </concept>
      <concept>
        <code value="05"/>
        <display value="measles virus vaccine"/>
      </concept>
      <concept>
        <code value="06"/>
        <display value="rubella virus vaccine"/>
      </concept>
      <concept>
        <code value="07"/>
        <display value="mumps virus vaccine"/>
      </concept>
      <concept>
        <code value="08"/>
        <display value="hepatitis B vaccine, pediatric or pediatric/adolescent dosage"/>
      </concept>
      <concept>
        <code value="09"/>
        <display value="tetanus and diphtheria toxoids, adsorbed, preservative free, for adult use (2 Lf of tetanus toxoid and 2 Lf of diphtheria toxoid)"/>
      </concept>
      <concept>
        <code value="10"/>
        <display value="poliovirus vaccine, inactivated"/>
      </concept>
      <concept>
        <code value="100"/>
        <display value="pneumococcal conjugate vaccine, 7 valent"/>
      </concept>
      <concept>
        <code value="101"/>
        <display value="typhoid Vi capsular polysaccharide vaccine"/>
      </concept>
      <concept>
        <code value="102"/>
        <display value="DTP- Haemophilus influenzae type b conjugate and hepatitis b vaccine"/>
      </concept>
      <concept>
        <code value="103"/>
        <display value="meningococcal C conjugate vaccine"/>
      </concept>
      <concept>
        <code value="104"/>
        <display value="hepatitis A and hepatitis B vaccine"/>
      </concept>
      <concept>
        <code value="105"/>
        <display value="vaccinia (smallpox) vaccine, diluted"/>
      </concept>
      <concept>
        <code value="106"/>
        <display value="diphtheria, tetanus toxoids and acellular pertussis vaccine, 5 pertussis antigens"/>
      </concept>
      <concept>
        <code value="107"/>
        <display value="diphtheria, tetanus toxoids and acellular pertussis vaccine, unspecified formulation"/>
      </concept>
      <concept>
        <code value="108"/>
        <display value="meningococcal ACWY vaccine, unspecified formulation"/>
      </concept>
      <concept>
        <code value="109"/>
        <display value="pneumococcal vaccine, unspecified formulation"/>
      </concept>
      <concept>
        <code value="11"/>
        <display value="pertussis vaccine"/>
      </concept>
      <concept>
        <code value="110"/>
        <display value="DTaP-hepatitis B and poliovirus vaccine"/>
      </concept>
      <concept>
        <code value="111"/>
        <display value="influenza virus vaccine, live, attenuated, for intranasal use"/>
      </concept>
      <concept>
        <code value="112"/>
        <display value="tetanus toxoid, unspecified formulation"/>
      </concept>
      <concept>
        <code value="113"/>
        <display value="tetanus and diphtheria toxoids, adsorbed, preservative free, for adult use (5 Lf of tetanus toxoid and 2 Lf of diphtheria toxoid)"/>
      </concept>
      <concept>
        <code value="114"/>
        <display value="meningococcal polysaccharide (groups A, C, Y and W-135) diphtheria toxoid conjugate vaccine (MCV4P)"/>
      </concept>
      <concept>
        <code value="115"/>
        <display value="tetanus toxoid, reduced diphtheria toxoid, and acellular pertussis vaccine, adsorbed"/>
      </concept>
      <concept>
        <code value="116"/>
        <display value="rotavirus, live, pentavalent vaccine"/>
      </concept>
      <concept>
        <code value="117"/>
        <display value="varicella zoster immune globulin (Investigational New Drug)"/>
      </concept>
      <concept>
        <code value="118"/>
        <display value="human papilloma virus vaccine, bivalent"/>
      </concept>
      <concept>
        <code value="119"/>
        <display value="rotavirus, live, monovalent vaccine"/>
      </concept>
      <concept>
        <code value="12"/>
        <display value="diphtheria antitoxin"/>
      </concept>
      <concept>
        <code value="120"/>
        <display value="diphtheria, tetanus toxoids and acellular pertussis vaccine, Haemophilus influenzae type b conjugate, and poliovirus vaccine, inactivated (DTaP-Hib-IPV)"/>
      </concept>
      <concept>
        <code value="121"/>
        <display value="zoster vaccine, live"/>
      </concept>
      <concept>
        <code value="122"/>
        <display value="rotavirus vaccine, unspecified formulation"/>
      </concept>
      <concept>
        <code value="123"/>
        <display value="influenza virus vaccine, H5N1, A/Vietnam/1203/2004 (national stockpile)"/>
      </concept>
      <concept>
        <code value="125"/>
        <display value="Novel Influenza-H1N1-09, live virus for nasal administration"/>
      </concept>
      <concept>
        <code value="126"/>
        <display value="Novel influenza-H1N1-09, preservative-free, injectable"/>
      </concept>
      <concept>
        <code value="127"/>
        <display value="Novel influenza-H1N1-09, injectable"/>
      </concept>
      <concept>
        <code value="128"/>
        <display value="Novel influenza-H1N1-09, all formulations"/>
      </concept>
      <concept>
        <code value="129"/>
        <display value="Japanese Encephalitis vaccine, unspecified formulation"/>
      </concept>
      <concept>
        <code value="13"/>
        <display value="tetanus immune globulin"/>
      </concept>
      <concept>
        <code value="130"/>
        <display value="Diphtheria, tetanus toxoids and acellular pertussis vaccine, and poliovirus vaccine, inactivated"/>
      </concept>
      <concept>
        <code value="131"/>
        <display value="Historical record of a typhus vaccination"/>
      </concept>
      <concept>
        <code value="132"/>
        <display value="Historical diphtheria and tetanus toxoids and acellular pertussis, poliovirus, Haemophilus b conjugate and hepatitis B (recombinant) vaccine."/>
      </concept>
      <concept>
        <code value="133"/>
        <display value="pneumococcal conjugate vaccine, 13 valent"/>
      </concept>
      <concept>
        <code value="134"/>
        <display value="Japanese Encephalitis vaccine for intramuscular administration"/>
      </concept>
      <concept>
        <code value="135"/>
        <display value="influenza, high dose seasonal, preservative-free"/>
      </concept>
      <concept>
        <code value="136"/>
        <display value="meningococcal oligosaccharide (groups A, C, Y and W-135) diphtheria toxoid conjugate vaccine (MCV4O)"/>
      </concept>
      <concept>
        <code value="137"/>
        <display value="HPV, unspecified formulation"/>
      </concept>
      <concept>
        <code value="138"/>
        <display value="tetanus and diphtheria toxoids, not adsorbed, for adult use"/>
      </concept>
      <concept>
        <code value="139"/>
        <display value="Td(adult) unspecified formulation"/>
      </concept>
      <concept>
        <code value="14"/>
        <display value="immune globulin, unspecified formulation"/>
      </concept>
      <concept>
        <code value="140"/>
        <display value="Influenza, seasonal, injectable, preservative free"/>
      </concept>
      <concept>
        <code value="141"/>
        <display value="Influenza, seasonal, injectable"/>
      </concept>
      <concept>
        <code value="142"/>
        <display value="tetanus toxoid, not adsorbed"/>
      </concept>
      <concept>
        <code value="143"/>
        <display value="Adenovirus, type 4 and type 7, live, oral"/>
      </concept>
      <concept>
        <code value="144"/>
        <display value="seasonal influenza, intradermal, preservative free"/>
      </concept>
      <concept>
        <code value="147"/>
        <display value="Meningococcal, MCV4, unspecified conjugate formulation(groups A, C, Y and W-135)"/>
      </concept>
      <concept>
        <code value="148"/>
        <display value="Meningococcal Groups C and Y and Haemophilus b Tetanus Toxoid Conjugate Vaccine"/>
      </concept>
      <concept>
        <code value="149"/>
        <display value="influenza, live, intranasal, quadrivalent"/>
      </concept>
      <concept>
        <code value="15"/>
        <display value="influenza virus vaccine, split virus (incl. purified surface antigen)-retired CODE"/>
      </concept>
      <concept>
        <code value="150"/>
        <display value="Influenza, injectable, quadrivalent, preservative free"/>
      </concept>
      <concept>
        <code value="151"/>
        <display value="influenza nasal, unspecified formulation"/>
      </concept>
      <concept>
        <code value="152"/>
        <display value="Pneumococcal Conjugate, unspecified formulation"/>
      </concept>
      <concept>
        <code value="153"/>
        <display value="Influenza, injectable, Madin Darby Canine Kidney, preservative free"/>
      </concept>
      <concept>
        <code value="155"/>
        <display value="Seasonal, trivalent, recombinant, injectable influenza vaccine, preservative free"/>
      </concept>
      <concept>
        <code value="156"/>
        <display value="Rho(D) Immune globulin- IV or IM"/>
      </concept>
      <concept>
        <code value="157"/>
        <display value="Rho(D) Immune globulin - IM"/>
      </concept>
      <concept>
        <code value="158"/>
        <display value="influenza, injectable, quadrivalent, contains preservative"/>
      </concept>
      <concept>
        <code value="159"/>
        <display value="Rho(D) Unspecified formulation"/>
      </concept>
      <concept>
        <code value="16"/>
        <display value="influenza virus vaccine, whole virus"/>
      </concept>
      <concept>
        <code value="160"/>
        <display value="Influenza A monovalent (H5N1), adjuvanted, National stockpile 2013"/>
      </concept>
      <concept>
        <code value="161"/>
        <display value="Influenza, injectable,quadrivalent, preservative free, pediatric"/>
      </concept>
      <concept>
        <code value="162"/>
        <display value="meningococcal B vaccine, fully recombinant"/>
      </concept>
      <concept>
        <code value="163"/>
        <display value="meningococcal B vaccine, recombinant, OMV, adjuvanted"/>
      </concept>
      <concept>
        <code value="164"/>
        <display value="meningococcal B, unspecified formulation"/>
      </concept>
      <concept>
        <code value="165"/>
        <display value="Human Papillomavirus 9-valent vaccine"/>
      </concept>
      <concept>
        <code value="166"/>
        <display value="influenza, intradermal, quadrivalent, preservative free, injectable"/>
      </concept>
      <concept>
        <code value="167"/>
        <display value="meningococcal vaccine of unknown formulation and unknown serogroups"/>
      </concept>
      <concept>
        <code value="168"/>
        <display value="Seasonal trivalent influenza vaccine, adjuvanted, preservative free"/>
      </concept>
      <concept>
        <code value="169"/>
        <display value="Hep A, live attenuated-IM"/>
      </concept>
      <concept>
        <code value="17"/>
        <display value="Haemophilus influenzae type b vaccine, conjugate unspecified formulation"/>
      </concept>
      <concept>
        <code value="170"/>
        <display value="non-US diphtheria, tetanus toxoids and acellular pertussis vaccine, Haemophilus influenzae type b conjugate, and poliovirus vaccine, inactivated (DTaP-Hib-IPV)"/>
      </concept>
      <concept>
        <code value="171"/>
        <display value="Influenza, injectable, Madin Darby Canine Kidney, preservative free, quadrivalent"/>
      </concept>
      <concept>
        <code value="172"/>
        <display value="cholera, WC-rBS"/>
      </concept>
      <concept>
        <code value="173"/>
        <display value="cholera, BivWC"/>
      </concept>
      <concept>
        <code value="174"/>
        <display value="cholera, live attenuated"/>
      </concept>
      <concept>
        <code value="175"/>
        <display value="Human Rabies vaccine from human diploid cell culture"/>
      </concept>
      <concept>
        <code value="176"/>
        <display value="Human rabies vaccine from Chicken fibroblast culture"/>
      </concept>
      <concept>
        <code value="177"/>
        <display value="pneumococcal conjugate vaccine, 10 valent"/>
      </concept>
      <concept>
        <code value="178"/>
        <display value="Non-US bivalent oral polio vaccine (types 1 and 3)"/>
      </concept>
      <concept>
        <code value="179"/>
        <display value="Non-US monovalent oral polio vaccine, unspecified formulation"/>
      </concept>
      <concept>
        <code value="18"/>
        <display value="rabies vaccine, for intramuscular injection RETIRED CODE"/>
      </concept>
      <concept>
        <code value="180"/>
        <display value="tetanus immune globulin"/>
      </concept>
      <concept>
        <code value="181"/>
        <display value="anthrax immune globulin"/>
      </concept>
      <concept>
        <code value="182"/>
        <display value="Oral Polio Vaccine, Unspecified formulation"/>
      </concept>
      <concept>
        <code value="183"/>
        <display value="Yellow fever vaccine alternative formulation"/>
      </concept>
      <concept>
        <code value="184"/>
        <display value="Yellow fever vaccine, unspecified formulation"/>
      </concept>
      <concept>
        <code value="185"/>
        <display value="Seasonal, quadrivalent, recombinant, injectable influenza vaccine, preservative free"/>
      </concept>
      <concept>
        <code value="186"/>
        <display value="Influenza, injectable, Madin Darby Canine Kidney,  quadrivalent with preservative"/>
      </concept>
      <concept>
        <code value="187"/>
        <display value="zoster vaccine recombinant"/>
      </concept>
      <concept>
        <code value="188"/>
        <display value="zoster vaccine, unspecified formulation"/>
      </concept>
      <concept>
        <code value="189"/>
        <display value="Hepatitis B vaccine (recombinant), CpG adjuvanted"/>
      </concept>
      <concept>
        <code value="19"/>
        <display value="Bacillus Calmette-Guerin vaccine"/>
      </concept>
      <concept>
        <code value="20"/>
        <display value="diphtheria, tetanus toxoids and acellular pertussis vaccine"/>
      </concept>
      <concept>
        <code value="21"/>
        <display value="varicella virus vaccine"/>
      </concept>
      <concept>
        <code value="22"/>
        <display value="DTP-Haemophilus influenzae type b conjugate vaccine"/>
      </concept>
      <concept>
        <code value="23"/>
        <display value="plague vaccine"/>
      </concept>
      <concept>
        <code value="24"/>
        <display value="anthrax vaccine"/>
      </concept>
      <concept>
        <code value="25"/>
        <display value="typhoid vaccine, live, oral"/>
      </concept>
      <concept>
        <code value="26"/>
        <display value="cholera vaccine, unspecified formulation"/>
      </concept>
      <concept>
        <code value="27"/>
        <display value="botulinum antitoxin"/>
      </concept>
      <concept>
        <code value="28"/>
        <display value="diphtheria and tetanus toxoids, adsorbed for pediatric use"/>
      </concept>
      <concept>
        <code value="29"/>
        <display value="cytomegalovirus immune globulin, intravenous"/>
      </concept>
      <concept>
        <code value="30"/>
        <display value="hepatitis B immune globulin"/>
      </concept>
      <concept>
        <code value="31"/>
        <display value="hepatitis A vaccine, pediatric dosage, unspecified formulation"/>
      </concept>
      <concept>
        <code value="32"/>
        <display value="meningococcal polysaccharide vaccine (MPSV4)"/>
      </concept>
      <concept>
        <code value="33"/>
        <display value="pneumococcal polysaccharide vaccine, 23 valent"/>
      </concept>
      <concept>
        <code value="34"/>
        <display value="rabies immune globulin"/>
      </concept>
      <concept>
        <code value="35"/>
        <display value="tetanus toxoid, adsorbed"/>
      </concept>
      <concept>
        <code value="36"/>
        <display value="varicella zoster immune globulin"/>
      </concept>
      <concept>
        <code value="37"/>
        <display value="yellow fever vaccine"/>
      </concept>
      <concept>
        <code value="38"/>
        <display value="rubella and mumps virus vaccine"/>
      </concept>
      <concept>
        <code value="39"/>
        <display value="Japanese Encephalitis Vaccine SC"/>
      </concept>
      <concept>
        <code value="40"/>
        <display value="rabies vaccine, for intradermal injection"/>
      </concept>
      <concept>
        <code value="41"/>
        <display value="typhoid vaccine, parenteral, other than acetone-killed, dried"/>
      </concept>
      <concept>
        <code value="42"/>
        <display value="hepatitis B vaccine, adolescent/high risk infant dosage"/>
      </concept>
      <concept>
        <code value="43"/>
        <display value="hepatitis B vaccine, adult dosage"/>
      </concept>
      <concept>
        <code value="44"/>
        <display value="hepatitis B vaccine, dialysis patient dosage"/>
      </concept>
      <concept>
        <code value="45"/>
        <display value="hepatitis B vaccine, unspecified formulation"/>
      </concept>
      <concept>
        <code value="46"/>
        <display value="Haemophilus influenzae type b vaccine, PRP-D conjugate"/>
      </concept>
      <concept>
        <code value="47"/>
        <display value="Haemophilus influenzae type b vaccine, HbOC conjugate"/>
      </concept>
      <concept>
        <code value="48"/>
        <display value="Haemophilus influenzae type b vaccine, PRP-T conjugate"/>
      </concept>
      <concept>
        <code value="49"/>
        <display value="Haemophilus influenzae type b vaccine, PRP-OMP conjugate"/>
      </concept>
      <concept>
        <code value="50"/>
        <display value="DTaP-Haemophilus influenzae type b conjugate vaccine"/>
      </concept>
      <concept>
        <code value="51"/>
        <display value="Haemophilus influenzae type b conjugate and Hepatitis B vaccine"/>
      </concept>
      <concept>
        <code value="52"/>
        <display value="hepatitis A vaccine, adult dosage"/>
      </concept>
      <concept>
        <code value="53"/>
        <display value="typhoid vaccine, parenteral, acetone-killed, dried (U.S. military)"/>
      </concept>
      <concept>
        <code value="54"/>
        <display value="adenovirus vaccine, type 4, live, oral"/>
      </concept>
      <concept>
        <code value="55"/>
        <display value="adenovirus vaccine, type 7, live, oral"/>
      </concept>
      <concept>
        <code value="62"/>
        <display value="human papilloma virus vaccine, quadrivalent"/>
      </concept>
      <concept>
        <code value="66"/>
        <display value="Lyme disease vaccine"/>
      </concept>
      <concept>
        <code value="69"/>
        <display value="parainfluenza-3 virus vaccine"/>
      </concept>
      <concept>
        <code value="71"/>
        <display value="respiratory syncytial virus immune globulin, intravenous"/>
      </concept>
      <concept>
        <code value="74"/>
        <display value="rotavirus, live, tetravalent vaccine"/>
      </concept>
      <concept>
        <code value="75"/>
        <display value="vaccinia (smallpox) vaccine"/>
      </concept>
      <concept>
        <code value="76"/>
        <display value="Staphylococcus bacteriophage lysate"/>
      </concept>
      <concept>
        <code value="77"/>
        <display value="tick-borne encephalitis vaccine"/>
      </concept>
      <concept>
        <code value="78"/>
        <display value="tularemia vaccine"/>
      </concept>
      <concept>
        <code value="79"/>
        <display value="vaccinia immune globulin"/>
      </concept>
      <concept>
        <code value="80"/>
        <display value="Venezuelan equine encephalitis, live, attenuated"/>
      </concept>
      <concept>
        <code value="801"/>
        <display value="AS03 Adjuvant"/>
      </concept>
      <concept>
        <code value="81"/>
        <display value="Venezuelan equine encephalitis, inactivated"/>
      </concept>
      <concept>
        <code value="82"/>
        <display value="adenovirus vaccine, unspecified formulation"/>
      </concept>
      <concept>
        <code value="83"/>
        <display value="hepatitis A vaccine, pediatric/adolescent dosage, 2 dose schedule"/>
      </concept>
      <concept>
        <code value="84"/>
        <display value="hepatitis A vaccine, pediatric/adolescent dosage, 3 dose schedule"/>
      </concept>
      <concept>
        <code value="85"/>
        <display value="hepatitis A vaccine, unspecified formulation"/>
      </concept>
      <concept>
        <code value="86"/>
        <display value="immune globulin, intramuscular"/>
      </concept>
      <concept>
        <code value="87"/>
        <display value="immune globulin, intravenous"/>
      </concept>
      <concept>
        <code value="88"/>
        <display value="influenza virus vaccine, unspecified formulation"/>
      </concept>
      <concept>
        <code value="89"/>
        <display value="poliovirus vaccine, unspecified formulation"/>
      </concept>
      <concept>
        <code value="90"/>
        <display value="rabies vaccine, unspecified formulation"/>
      </concept>
      <concept>
        <code value="91"/>
        <display value="typhoid vaccine, unspecified formulation"/>
      </concept>
      <concept>
        <code value="92"/>
        <display value="Venezuelan equine encephalitis vaccine, unspecified formulation"/>
      </concept>
      <concept>
        <code value="93"/>
        <display value="respiratory syncytial virus monoclonal antibody (palivizumab), intramuscular"/>
      </concept>
      <concept>
        <code value="94"/>
        <display value="measles, mumps, rubella, and varicella virus vaccine"/>
      </concept>
      <concept>
        <code value="95"/>
        <display value="tuberculin skin test; old tuberculin, multipuncture device"/>
      </concept>
      <concept>
        <code value="96"/>
        <display value="tuberculin skin test; purified protein derivative solution, intradermal"/>
      </concept>
      <concept>
        <code value="97"/>
        <display value="tuberculin skin test; purified protein derivative, multipuncture device"/>
      </concept>
      <concept>
        <code value="98"/>
        <display value="tuberculin skin test; unspecified formulation"/>
      </concept>
      <concept>
        <code value="998"/>
        <display value="no vaccine administered"/>
      </concept>
    </include>
  </compose>
</ValueSet>